This file contains any messages produced by compilers while
running configure, to aid debugging if configure makes a mistake.

It was created by configure, which was
generated by GNU Autoconf 2.71.  Invocation command line was

  $ ../bochs-src/bochs/configure --host wasm32-unknown-emscripten --enable-x86-64 --with-nogui --enable-usb --enable-usb-ehci --disable-large-ramfile --disable-show-ips --disable-stats --disable-logging --enable-repeat-speedups --enable-fast-function-calls --disable-trace-linking --enable-handlers-chaining --enable-avx

## --------- ##
## Platform. ##
## --------- ##

hostname = c-6a9953d1-019e4feb-28b3882b11b4
uname -m = x86_64
uname -r = 4.19.91-c8dfc93.al7.x86_64
uname -s = Linux
uname -v = #1 SMP Tue Sep 26 10:25:51 UTC 2023

/usr/bin/uname -p = unknown
/bin/uname -X     = unknown

/bin/arch              = x86_64
/usr/bin/arch -k       = unknown
/usr/convex/getsysinfo = unknown
/usr/bin/hostinfo      = unknown
/bin/machine           = unknown
/usr/bin/oslevel       = unknown
/bin/universe          = unknown

PATH: /workspace/bochs-wasm-poc/emsdk/upstream/emscripten/cache/sysroot/bin/
PATH: /workspace/bochs-wasm-poc/emsdk/
PATH: /workspace/bochs-wasm-poc/emsdk/upstream/emscripten/
PATH: /usr/local/sbin/
PATH: /usr/local/bin/
PATH: /usr/sbin/
PATH: /usr/bin/
PATH: /sbin/
PATH: /bin/


## ----------- ##
## Core tests. ##
## ----------- ##

configure:3638: looking for aux files: config.guess config.sub
configure:3651:  trying ../bochs-src/bochs/
configure:3680:   ../bochs-src/bochs/config.guess found
configure:3680:   ../bochs-src/bochs/config.sub found
configure:3816: checking build system type
configure:3831: result: x86_64-pc-linux-gnu
configure:3851: checking host system type
configure:3865: result: wasm32-unknown-emscripten
configure:3885: checking target system type
configure:3899: result: wasm32-unknown-emscripten
configure:3926: checking if you are configuring for another platform
configure:3933: result: no
configure:4010: checking for standard CFLAGS on this platform
configure:4012: result: 
configure:4050: checking for wasm32-unknown-emscripten-gcc
configure:4082: result: /workspace/bochs-wasm-poc/emsdk/upstream/emscripten/emcc
configure:4480: checking for C compiler version
configure:4489: /workspace/bochs-wasm-poc/emsdk/upstream/emscripten/emcc --version >&5
emcc (Emscripten gcc/clang-like replacement + linker emulating GNU ld) 3.1.40 (5c27e79dd0a9c4e27ef2326841698cdd4f6b5784)
Copyright (C) 2014 the Emscripten authors (see AUTHORS.txt)
This is free and open source software under the MIT license.
There is NO warranty; not even for MERCHANTABILITY or FITNESS FOR A PARTICULAR PURPOSE.

configure:4500: $? = 0
configure:4489: /workspace/bochs-wasm-poc/emsdk/upstream/emscripten/emcc -v >&5
emcc (Emscripten gcc/clang-like replacement + linker emulating GNU ld) 3.1.40 (5c27e79dd0a9c4e27ef2326841698cdd4f6b5784)
clang version 17.0.0 (https://github.com/llvm/llvm-project 2922e7cd9334797c24a317d41275f1258ef9ddd3)
Target: wasm32-unknown-emscripten
Thread model: posix
InstalledDir: /workspace/bochs-wasm-poc/emsdk/upstream/bin
configure:4500: $? = 0
configure:4489: /workspace/bochs-wasm-poc/emsdk/upstream/emscripten/emcc -V >&5
shared:INFO: (Emscripten: Running sanity checks)
emcc: error: no input files
configure:4500: $? = 1
configure:4489: /workspace/bochs-wasm-poc/emsdk/upstream/emscripten/emcc -qversion >&5
emcc: error: no input files
configure:4500: $? = 1
configure:4489: /workspace/bochs-wasm-poc/emsdk/upstream/emscripten/emcc -version >&5
emcc: error: no input files
configure:4500: $? = 1
configure:4520: checking whether the C compiler works
configure:4542: /workspace/bochs-wasm-poc/emsdk/upstream/emscripten/emcc -O2 -s WASM=1 -s ASYNCIFY=1 -s ALLOW_MEMORY_GROWTH=1 -s TOTAL_MEMORY=31457280 -sNO_EXIT_RUNTIME=1 -sFORCE_FILESYSTEM=1 -D__GNU__   conftest.c  >&5
cache:INFO: generating system asset: symbol_lists/b92d7cdf8b9423a49c69da15bf1a2b99bf58ad45.json... (this will be cached in "/workspace/bochs-wasm-poc/emsdk/upstream/emscripten/cache/symbol_lists/b92d7cdf8b9423a49c69da15bf1a2b99bf58ad45.json" for subsequent builds)
cache:INFO:  - ok
configure:4546: $? = 0
configure:4596: result: yes
configure:4599: checking for C compiler default output file name
configure:4601: result: a.out
configure:4607: checking for suffix of executables
configure:4614: /workspace/bochs-wasm-poc/emsdk/upstream/emscripten/emcc -o conftest -O2 -s WASM=1 -s ASYNCIFY=1 -s ALLOW_MEMORY_GROWTH=1 -s TOTAL_MEMORY=31457280 -sNO_EXIT_RUNTIME=1 -sFORCE_FILESYSTEM=1 -D__GNU__   conftest.c  >&5
configure:4618: $? = 0
configure:4641: result: 
configure:4663: checking whether we are cross compiling
configure:4671: /workspace/bochs-wasm-poc/emsdk/upstream/emscripten/emcc -o conftest -O2 -s WASM=1 -s ASYNCIFY=1 -s ALLOW_MEMORY_GROWTH=1 -s TOTAL_MEMORY=31457280 -sNO_EXIT_RUNTIME=1 -sFORCE_FILESYSTEM=1 -D__GNU__   conftest.c  >&5
configure:4675: $? = 0
configure:4682: ./conftest
configure:4686: $? = 0
configure:4701: result: no
configure:4706: checking for suffix of object files
configure:4729: /workspace/bochs-wasm-poc/emsdk/upstream/emscripten/emcc -c -O2 -s WASM=1 -s ASYNCIFY=1 -s ALLOW_MEMORY_GROWTH=1 -s TOTAL_MEMORY=31457280 -sNO_EXIT_RUNTIME=1 -sFORCE_FILESYSTEM=1 -D__GNU__  conftest.c >&5
emcc: warning: linker setting ignored during compilation: 'WASM' [-Wunused-command-line-argument]
emcc: warning: linker setting ignored during compilation: 'ASYNCIFY' [-Wunused-command-line-argument]
emcc: warning: linker setting ignored during compilation: 'ALLOW_MEMORY_GROWTH' [-Wunused-command-line-argument]
emcc: warning: linker setting ignored during compilation: 'TOTAL_MEMORY' [-Wunused-command-line-argument]
emcc: warning: linker setting ignored during compilation: 'EXIT_RUNTIME' [-Wunused-command-line-argument]
emcc: warning: linker setting ignored during compilation: 'FORCE_FILESYSTEM' [-Wunused-command-line-argument]
configure:4733: $? = 0
configure:4755: result: o
configure:4759: checking whether the compiler supports GNU C
configure:4779: /workspace/bochs-wasm-poc/emsdk/upstream/emscripten/emcc -c -O2 -s WASM=1 -s ASYNCIFY=1 -s ALLOW_MEMORY_GROWTH=1 -s TOTAL_MEMORY=31457280 -sNO_EXIT_RUNTIME=1 -sFORCE_FILESYSTEM=1 -D__GNU__  conftest.c >&5
emcc: warning: linker setting ignored during compilation: 'WASM' [-Wunused-command-line-argument]
emcc: warning: linker setting ignored during compilation: 'ASYNCIFY' [-Wunused-command-line-argument]
emcc: warning: linker setting ignored during compilation: 'ALLOW_MEMORY_GROWTH' [-Wunused-command-line-argument]
emcc: warning: linker setting ignored during compilation: 'TOTAL_MEMORY' [-Wunused-command-line-argument]
emcc: warning: linker setting ignored during compilation: 'EXIT_RUNTIME' [-Wunused-command-line-argument]
emcc: warning: linker setting ignored during compilation: 'FORCE_FILESYSTEM' [-Wunused-command-line-argument]
configure:4779: $? = 0
configure:4789: result: yes
configure:4800: checking whether /workspace/bochs-wasm-poc/emsdk/upstream/emscripten/emcc accepts -g
configure:4821: /workspace/bochs-wasm-poc/emsdk/upstream/emscripten/emcc -c -g  conftest.c >&5
configure:4821: $? = 0
configure:4865: result: yes
configure:4885: checking for /workspace/bochs-wasm-poc/emsdk/upstream/emscripten/emcc option to enable C11 features
configure:4900: /workspace/bochs-wasm-poc/emsdk/upstream/emscripten/emcc  -c -O2 -s WASM=1 -s ASYNCIFY=1 -s ALLOW_MEMORY_GROWTH=1 -s TOTAL_MEMORY=31457280 -sNO_EXIT_RUNTIME=1 -sFORCE_FILESYSTEM=1 -D__GNU__  conftest.c >&5
emcc: warning: linker setting ignored during compilation: 'WASM' [-Wunused-command-line-argument]
emcc: warning: linker setting ignored during compilation: 'ASYNCIFY' [-Wunused-command-line-argument]
emcc: warning: linker setting ignored during compilation: 'ALLOW_MEMORY_GROWTH' [-Wunused-command-line-argument]
emcc: warning: linker setting ignored during compilation: 'TOTAL_MEMORY' [-Wunused-command-line-argument]
emcc: warning: linker setting ignored during compilation: 'EXIT_RUNTIME' [-Wunused-command-line-argument]
emcc: warning: linker setting ignored during compilation: 'FORCE_FILESYSTEM' [-Wunused-command-line-argument]
conftest.c:23:14: warning: a function definition without a prototype is deprecated in all versions of C and is not supported in C2x [-Wdeprecated-non-prototype]
static char *e (p, i)
             ^
1 warning generated.
configure:4900: $? = 0
configure:4918: result: none needed
configure:5156: checking for C++ compiler version
configure:5165: /workspace/bochs-wasm-poc/emsdk/upstream/emscripten/em++ --version >&5
emcc (Emscripten gcc/clang-like replacement + linker emulating GNU ld) 3.1.40 (5c27e79dd0a9c4e27ef2326841698cdd4f6b5784)
Copyright (C) 2014 the Emscripten authors (see AUTHORS.txt)
This is free and open source software under the MIT license.
There is NO warranty; not even for MERCHANTABILITY or FITNESS FOR A PARTICULAR PURPOSE.

configure:5176: $? = 0
configure:5165: /workspace/bochs-wasm-poc/emsdk/upstream/emscripten/em++ -v >&5
emcc (Emscripten gcc/clang-like replacement + linker emulating GNU ld) 3.1.40 (5c27e79dd0a9c4e27ef2326841698cdd4f6b5784)
clang version 17.0.0 (https://github.com/llvm/llvm-project 2922e7cd9334797c24a317d41275f1258ef9ddd3)
Target: wasm32-unknown-emscripten
Thread model: posix
InstalledDir: /workspace/bochs-wasm-poc/emsdk/upstream/bin
configure:5176: $? = 0
configure:5165: /workspace/bochs-wasm-poc/emsdk/upstream/emscripten/em++ -V >&5
em++: error: no input files
configure:5176: $? = 1
configure:5165: /workspace/bochs-wasm-poc/emsdk/upstream/emscripten/em++ -qversion >&5
em++: error: no input files
configure:5176: $? = 1
configure:5180: checking whether the compiler supports GNU C++
configure:5200: /workspace/bochs-wasm-poc/emsdk/upstream/emscripten/em++ -c -O2 -s WASM=1 -s ASYNCIFY=1 -s ALLOW_MEMORY_GROWTH=1 -s TOTAL_MEMORY=31457280 -sNO_EXIT_RUNTIME=1 -sFORCE_FILESYSTEM=1 -D__GNU__  conftest.cpp >&5
em++: warning: linker setting ignored during compilation: 'WASM' [-Wunused-command-line-argument]
em++: warning: linker setting ignored during compilation: 'ASYNCIFY' [-Wunused-command-line-argument]
em++: warning: linker setting ignored during compilation: 'ALLOW_MEMORY_GROWTH' [-Wunused-command-line-argument]
em++: warning: linker setting ignored during compilation: 'TOTAL_MEMORY' [-Wunused-command-line-argument]
em++: warning: linker setting ignored during compilation: 'EXIT_RUNTIME' [-Wunused-command-line-argument]
em++: warning: linker setting ignored during compilation: 'FORCE_FILESYSTEM' [-Wunused-command-line-argument]
configure:5200: $? = 0
configure:5210: result: yes
configure:5221: checking whether /workspace/bochs-wasm-poc/emsdk/upstream/emscripten/em++ accepts -g
configure:5242: /workspace/bochs-wasm-poc/emsdk/upstream/emscripten/em++ -c -g  conftest.cpp >&5
configure:5242: $? = 0
configure:5286: result: yes
configure:5306: checking for /workspace/bochs-wasm-poc/emsdk/upstream/emscripten/em++ option to enable C++11 features
configure:5321: /workspace/bochs-wasm-poc/emsdk/upstream/emscripten/em++  -c -O2 -s WASM=1 -s ASYNCIFY=1 -s ALLOW_MEMORY_GROWTH=1 -s TOTAL_MEMORY=31457280 -sNO_EXIT_RUNTIME=1 -sFORCE_FILESYSTEM=1 -D__GNU__  conftest.cpp >&5
em++: warning: linker setting ignored during compilation: 'WASM' [-Wunused-command-line-argument]
em++: warning: linker setting ignored during compilation: 'ASYNCIFY' [-Wunused-command-line-argument]
em++: warning: linker setting ignored during compilation: 'ALLOW_MEMORY_GROWTH' [-Wunused-command-line-argument]
em++: warning: linker setting ignored during compilation: 'TOTAL_MEMORY' [-Wunused-command-line-argument]
em++: warning: linker setting ignored during compilation: 'EXIT_RUNTIME' [-Wunused-command-line-argument]
em++: warning: linker setting ignored during compilation: 'FORCE_FILESYSTEM' [-Wunused-command-line-argument]
conftest.cpp:175:25: warning: empty parentheses interpreted as a function declaration [-Wvexing-parse]
  cxx11test::delegate d2();
                        ^~
conftest.cpp:175:25: note: remove parentheses to declare a variable
  cxx11test::delegate d2();
                        ^~
1 warning generated.
configure:5321: $? = 0
configure:5339: result: none needed
configure:5403: checking whether make sets $(MAKE)
configure:5426: result: yes
configure:5515: checking for a sed that does not truncate output
configure:5570: result: /usr/bin/sed
configure:5573: checking for grep that handles long lines and -e
configure:5637: result: /usr/bin/grep
configure:5642: checking for egrep
configure:5710: result: /usr/bin/grep -E
configure:5727: checking for ld used by /workspace/bochs-wasm-poc/emsdk/upstream/emscripten/emcc
emcc: error: no input files
configure:5795: result: /workspace/bochs-wasm-poc/emsdk/upstream/emscripten/emcc
configure:5802: checking if the linker (/workspace/bochs-wasm-poc/emsdk/upstream/emscripten/emcc) is GNU ld
configure:5818: result: yes
configure:5823: checking for /workspace/bochs-wasm-poc/emsdk/upstream/emscripten/emcc option to reload object files
configure:5831: result: -r
configure:5840: checking for BSD-compatible nm
configure:5883: result: /workspace/bochs-wasm-poc/emsdk/upstream/bin/llvm-nm
configure:5887: checking whether ln -s works
configure:5891: result: yes
configure:5898: checking how to recognise dependent libraries
configure:6099: result: unknown
configure:6287: checking for stdio.h
configure:6287: /workspace/bochs-wasm-poc/emsdk/upstream/emscripten/emcc -c -O2 -s WASM=1 -s ASYNCIFY=1 -s ALLOW_MEMORY_GROWTH=1 -s TOTAL_MEMORY=31457280 -sNO_EXIT_RUNTIME=1 -sFORCE_FILESYSTEM=1 -D__GNU__  conftest.c >&5
emcc: warning: linker setting ignored during compilation: 'WASM' [-Wunused-command-line-argument]
emcc: warning: linker setting ignored during compilation: 'ASYNCIFY' [-Wunused-command-line-argument]
emcc: warning: linker setting ignored during compilation: 'ALLOW_MEMORY_GROWTH' [-Wunused-command-line-argument]
emcc: warning: linker setting ignored during compilation: 'TOTAL_MEMORY' [-Wunused-command-line-argument]
emcc: warning: linker setting ignored during compilation: 'EXIT_RUNTIME' [-Wunused-command-line-argument]
emcc: warning: linker setting ignored during compilation: 'FORCE_FILESYSTEM' [-Wunused-command-line-argument]
configure:6287: $? = 0
configure:6287: result: yes
configure:6287: checking for stdlib.h
configure:6287: /workspace/bochs-wasm-poc/emsdk/upstream/emscripten/emcc -c -O2 -s WASM=1 -s ASYNCIFY=1 -s ALLOW_MEMORY_GROWTH=1 -s TOTAL_MEMORY=31457280 -sNO_EXIT_RUNTIME=1 -sFORCE_FILESYSTEM=1 -D__GNU__  conftest.c >&5
emcc: warning: linker setting ignored during compilation: 'WASM' [-Wunused-command-line-argument]
emcc: warning: linker setting ignored during compilation: 'ASYNCIFY' [-Wunused-command-line-argument]
emcc: warning: linker setting ignored during compilation: 'ALLOW_MEMORY_GROWTH' [-Wunused-command-line-argument]
emcc: warning: linker setting ignored during compilation: 'TOTAL_MEMORY' [-Wunused-command-line-argument]
emcc: warning: linker setting ignored during compilation: 'EXIT_RUNTIME' [-Wunused-command-line-argument]
emcc: warning: linker setting ignored during compilation: 'FORCE_FILESYSTEM' [-Wunused-command-line-argument]
configure:6287: $? = 0
configure:6287: result: yes
configure:6287: checking for string.h
configure:6287: /workspace/bochs-wasm-poc/emsdk/upstream/emscripten/emcc -c -O2 -s WASM=1 -s ASYNCIFY=1 -s ALLOW_MEMORY_GROWTH=1 -s TOTAL_MEMORY=31457280 -sNO_EXIT_RUNTIME=1 -sFORCE_FILESYSTEM=1 -D__GNU__  conftest.c >&5
emcc: warning: linker setting ignored during compilation: 'WASM' [-Wunused-command-line-argument]
emcc: warning: linker setting ignored during compilation: 'ASYNCIFY' [-Wunused-command-line-argument]
emcc: warning: linker setting ignored during compilation: 'ALLOW_MEMORY_GROWTH' [-Wunused-command-line-argument]
emcc: warning: linker setting ignored during compilation: 'TOTAL_MEMORY' [-Wunused-command-line-argument]
emcc: warning: linker setting ignored during compilation: 'EXIT_RUNTIME' [-Wunused-command-line-argument]
emcc: warning: linker setting ignored during compilation: 'FORCE_FILESYSTEM' [-Wunused-command-line-argument]
configure:6287: $? = 0
configure:6287: result: yes
configure:6287: checking for inttypes.h
configure:6287: /workspace/bochs-wasm-poc/emsdk/upstream/emscripten/emcc -c -O2 -s WASM=1 -s ASYNCIFY=1 -s ALLOW_MEMORY_GROWTH=1 -s TOTAL_MEMORY=31457280 -sNO_EXIT_RUNTIME=1 -sFORCE_FILESYSTEM=1 -D__GNU__  conftest.c >&5
emcc: warning: linker setting ignored during compilation: 'WASM' [-Wunused-command-line-argument]
emcc: warning: linker setting ignored during compilation: 'ASYNCIFY' [-Wunused-command-line-argument]
emcc: warning: linker setting ignored during compilation: 'ALLOW_MEMORY_GROWTH' [-Wunused-command-line-argument]
emcc: warning: linker setting ignored during compilation: 'TOTAL_MEMORY' [-Wunused-command-line-argument]
emcc: warning: linker setting ignored during compilation: 'EXIT_RUNTIME' [-Wunused-command-line-argument]
emcc: warning: linker setting ignored during compilation: 'FORCE_FILESYSTEM' [-Wunused-command-line-argument]
configure:6287: $? = 0
configure:6287: result: yes
configure:6287: checking for stdint.h
configure:6287: /workspace/bochs-wasm-poc/emsdk/upstream/emscripten/emcc -c -O2 -s WASM=1 -s ASYNCIFY=1 -s ALLOW_MEMORY_GROWTH=1 -s TOTAL_MEMORY=31457280 -sNO_EXIT_RUNTIME=1 -sFORCE_FILESYSTEM=1 -D__GNU__  conftest.c >&5
emcc: warning: linker setting ignored during compilation: 'WASM' [-Wunused-command-line-argument]
emcc: warning: linker setting ignored during compilation: 'ASYNCIFY' [-Wunused-command-line-argument]
emcc: warning: linker setting ignored during compilation: 'ALLOW_MEMORY_GROWTH' [-Wunused-command-line-argument]
emcc: warning: linker setting ignored during compilation: 'TOTAL_MEMORY' [-Wunused-command-line-argument]
emcc: warning: linker setting ignored during compilation: 'EXIT_RUNTIME' [-Wunused-command-line-argument]
emcc: warning: linker setting ignored during compilation: 'FORCE_FILESYSTEM' [-Wunused-command-line-argument]
configure:6287: $? = 0
configure:6287: result: yes
configure:6287: checking for strings.h
configure:6287: /workspace/bochs-wasm-poc/emsdk/upstream/emscripten/emcc -c -O2 -s WASM=1 -s ASYNCIFY=1 -s ALLOW_MEMORY_GROWTH=1 -s TOTAL_MEMORY=31457280 -sNO_EXIT_RUNTIME=1 -sFORCE_FILESYSTEM=1 -D__GNU__  conftest.c >&5
emcc: warning: linker setting ignored during compilation: 'WASM' [-Wunused-command-line-argument]
emcc: warning: linker setting ignored during compilation: 'ASYNCIFY' [-Wunused-command-line-argument]
emcc: warning: linker setting ignored during compilation: 'ALLOW_MEMORY_GROWTH' [-Wunused-command-line-argument]
emcc: warning: linker setting ignored during compilation: 'TOTAL_MEMORY' [-Wunused-command-line-argument]
emcc: warning: linker setting ignored during compilation: 'EXIT_RUNTIME' [-Wunused-command-line-argument]
emcc: warning: linker setting ignored during compilation: 'FORCE_FILESYSTEM' [-Wunused-command-line-argument]
configure:6287: $? = 0
configure:6287: result: yes
configure:6287: checking for sys/stat.h
configure:6287: /workspace/bochs-wasm-poc/emsdk/upstream/emscripten/emcc -c -O2 -s WASM=1 -s ASYNCIFY=1 -s ALLOW_MEMORY_GROWTH=1 -s TOTAL_MEMORY=31457280 -sNO_EXIT_RUNTIME=1 -sFORCE_FILESYSTEM=1 -D__GNU__  conftest.c >&5
emcc: warning: linker setting ignored during compilation: 'WASM' [-Wunused-command-line-argument]
emcc: warning: linker setting ignored during compilation: 'ASYNCIFY' [-Wunused-command-line-argument]
emcc: warning: linker setting ignored during compilation: 'ALLOW_MEMORY_GROWTH' [-Wunused-command-line-argument]
emcc: warning: linker setting ignored during compilation: 'TOTAL_MEMORY' [-Wunused-command-line-argument]
emcc: warning: linker setting ignored during compilation: 'EXIT_RUNTIME' [-Wunused-command-line-argument]
emcc: warning: linker setting ignored during compilation: 'FORCE_FILESYSTEM' [-Wunused-command-line-argument]
configure:6287: $? = 0
configure:6287: result: yes
configure:6287: checking for sys/types.h
configure:6287: /workspace/bochs-wasm-poc/emsdk/upstream/emscripten/emcc -c -O2 -s WASM=1 -s ASYNCIFY=1 -s ALLOW_MEMORY_GROWTH=1 -s TOTAL_MEMORY=31457280 -sNO_EXIT_RUNTIME=1 -sFORCE_FILESYSTEM=1 -D__GNU__  conftest.c >&5
emcc: warning: linker setting ignored during compilation: 'WASM' [-Wunused-command-line-argument]
emcc: warning: linker setting ignored during compilation: 'ASYNCIFY' [-Wunused-command-line-argument]
emcc: warning: linker setting ignored during compilation: 'ALLOW_MEMORY_GROWTH' [-Wunused-command-line-argument]
emcc: warning: linker setting ignored during compilation: 'TOTAL_MEMORY' [-Wunused-command-line-argument]
emcc: warning: linker setting ignored during compilation: 'EXIT_RUNTIME' [-Wunused-command-line-argument]
emcc: warning: linker setting ignored during compilation: 'FORCE_FILESYSTEM' [-Wunused-command-line-argument]
configure:6287: $? = 0
configure:6287: result: yes
configure:6287: checking for unistd.h
configure:6287: /workspace/bochs-wasm-poc/emsdk/upstream/emscripten/emcc -c -O2 -s WASM=1 -s ASYNCIFY=1 -s ALLOW_MEMORY_GROWTH=1 -s TOTAL_MEMORY=31457280 -sNO_EXIT_RUNTIME=1 -sFORCE_FILESYSTEM=1 -D__GNU__  conftest.c >&5
emcc: warning: linker setting ignored during compilation: 'WASM' [-Wunused-command-line-argument]
emcc: warning: linker setting ignored during compilation: 'ASYNCIFY' [-Wunused-command-line-argument]
emcc: warning: linker setting ignored during compilation: 'ALLOW_MEMORY_GROWTH' [-Wunused-command-line-argument]
emcc: warning: linker setting ignored during compilation: 'TOTAL_MEMORY' [-Wunused-command-line-argument]
emcc: warning: linker setting ignored during compilation: 'EXIT_RUNTIME' [-Wunused-command-line-argument]
emcc: warning: linker setting ignored during compilation: 'FORCE_FILESYSTEM' [-Wunused-command-line-argument]
configure:6287: $? = 0
configure:6287: result: yes
configure:6312: checking for dlfcn.h
configure:6312: /workspace/bochs-wasm-poc/emsdk/upstream/emscripten/emcc -c -O2 -s WASM=1 -s ASYNCIFY=1 -s ALLOW_MEMORY_GROWTH=1 -s TOTAL_MEMORY=31457280 -sNO_EXIT_RUNTIME=1 -sFORCE_FILESYSTEM=1 -D__GNU__  conftest.c >&5
emcc: warning: linker setting ignored during compilation: 'WASM' [-Wunused-command-line-argument]
emcc: warning: linker setting ignored during compilation: 'ASYNCIFY' [-Wunused-command-line-argument]
emcc: warning: linker setting ignored during compilation: 'ALLOW_MEMORY_GROWTH' [-Wunused-command-line-argument]
emcc: warning: linker setting ignored during compilation: 'TOTAL_MEMORY' [-Wunused-command-line-argument]
emcc: warning: linker setting ignored during compilation: 'EXIT_RUNTIME' [-Wunused-command-line-argument]
emcc: warning: linker setting ignored during compilation: 'FORCE_FILESYSTEM' [-Wunused-command-line-argument]
configure:6312: $? = 0
configure:6312: result: yes
configure:6324: checking how to run the C++ preprocessor
configure:6346: /workspace/bochs-wasm-poc/emsdk/upstream/emscripten/em++ -E  conftest.cpp
configure:6346: $? = 0
configure:6361: /workspace/bochs-wasm-poc/emsdk/upstream/emscripten/em++ -E  conftest.cpp
conftest.cpp:20:10: fatal error: 'ac_nonexistent.h' file not found
#include <ac_nonexistent.h>
         ^~~~~~~~~~~~~~~~~~
1 error generated.
em++: error: '/workspace/bochs-wasm-poc/emsdk/upstream/bin/clang++ -target wasm32-unknown-emscripten -fignore-exceptions -fvisibility=default -mllvm -combiner-global-alias-analysis=false -mllvm -enable-emscripten-sjlj -mllvm -disable-lsr -DEMSCRIPTEN --sysroot=/workspace/bochs-wasm-poc/emsdk/upstream/emscripten/cache/sysroot -Xclang -iwithsysroot/include/fakesdl -Xclang -iwithsysroot/include/compat -E conftest.cpp' failed (returned 1)
configure:6361: $? = 1
configure: failed program was:
| /* confdefs.h */
| #define PACKAGE_NAME ""
| #define PACKAGE_TARNAME ""
| #define PACKAGE_VERSION ""
| #define PACKAGE_STRING ""
| #define PACKAGE_BUGREPORT ""
| #define PACKAGE_URL ""
| #define HAVE_STDIO_H 1
| #define HAVE_STDLIB_H 1
| #define HAVE_STRING_H 1
| #define HAVE_INTTYPES_H 1
| #define HAVE_STDINT_H 1
| #define HAVE_STRINGS_H 1
| #define HAVE_SYS_STAT_H 1
| #define HAVE_SYS_TYPES_H 1
| #define HAVE_UNISTD_H 1
| #define STDC_HEADERS 1
| #define HAVE_DLFCN_H 1
| /* end confdefs.h.  */
| #include <ac_nonexistent.h>
configure:6388: result: /workspace/bochs-wasm-poc/emsdk/upstream/emscripten/em++ -E
configure:6402: /workspace/bochs-wasm-poc/emsdk/upstream/emscripten/em++ -E  conftest.cpp
configure:6402: $? = 0
configure:6417: /workspace/bochs-wasm-poc/emsdk/upstream/emscripten/em++ -E  conftest.cpp
conftest.cpp:20:10: fatal error: 'ac_nonexistent.h' file not found
#include <ac_nonexistent.h>
         ^~~~~~~~~~~~~~~~~~
1 error generated.
em++: error: '/workspace/bochs-wasm-poc/emsdk/upstream/bin/clang++ -target wasm32-unknown-emscripten -fignore-exceptions -fvisibility=default -mllvm -combiner-global-alias-analysis=false -mllvm -enable-emscripten-sjlj -mllvm -disable-lsr -DEMSCRIPTEN --sysroot=/workspace/bochs-wasm-poc/emsdk/upstream/emscripten/cache/sysroot -Xclang -iwithsysroot/include/fakesdl -Xclang -iwithsysroot/include/compat -E conftest.cpp' failed (returned 1)
configure:6417: $? = 1
configure: failed program was:
| /* confdefs.h */
| #define PACKAGE_NAME ""
| #define PACKAGE_TARNAME ""
| #define PACKAGE_VERSION ""
| #define PACKAGE_STRING ""
| #define PACKAGE_BUGREPORT ""
| #define PACKAGE_URL ""
| #define HAVE_STDIO_H 1
| #define HAVE_STDLIB_H 1
| #define HAVE_STRING_H 1
| #define HAVE_INTTYPES_H 1
| #define HAVE_STDINT_H 1
| #define HAVE_STRINGS_H 1
| #define HAVE_SYS_STAT_H 1
| #define HAVE_SYS_TYPES_H 1
| #define HAVE_UNISTD_H 1
| #define STDC_HEADERS 1
| #define HAVE_DLFCN_H 1
| /* end confdefs.h.  */
| #include <ac_nonexistent.h>
configure:6457: checking for wasm32-unknown-emscripten-g77
configure:6492: result: no
configure:6457: checking for wasm32-unknown-emscripten-xlf
configure:6492: result: no
configure:6457: checking for wasm32-unknown-emscripten-f77
configure:6492: result: no
configure:6457: checking for wasm32-unknown-emscripten-frt
configure:6492: result: no
configure:6457: checking for wasm32-unknown-emscripten-pgf77
configure:6492: result: no
configure:6457: checking for wasm32-unknown-emscripten-cf77
configure:6492: result: no
configure:6457: checking for wasm32-unknown-emscripten-fort77
configure:6492: result: no
configure:6457: checking for wasm32-unknown-emscripten-fl32
configure:6492: result: no
configure:6457: checking for wasm32-unknown-emscripten-af77
configure:6492: result: no
configure:6457: checking for wasm32-unknown-emscripten-xlf90
configure:6492: result: no
configure:6457: checking for wasm32-unknown-emscripten-f90
configure:6492: result: no
configure:6457: checking for wasm32-unknown-emscripten-pgf90
configure:6492: result: no
configure:6457: checking for wasm32-unknown-emscripten-pghpf
configure:6492: result: no
configure:6457: checking for wasm32-unknown-emscripten-epcf90
configure:6492: result: no
configure:6457: checking for wasm32-unknown-emscripten-gfortran
configure:6492: result: no
configure:6457: checking for wasm32-unknown-emscripten-g95
configure:6492: result: no
configure:6457: checking for wasm32-unknown-emscripten-xlf95
configure:6492: result: no
configure:6457: checking for wasm32-unknown-emscripten-f95
configure:6492: result: no
configure:6457: checking for wasm32-unknown-emscripten-fort
configure:6492: result: no
configure:6457: checking for wasm32-unknown-emscripten-ifort
configure:6492: result: no
configure:6457: checking for wasm32-unknown-emscripten-ifc
configure:6492: result: no
configure:6457: checking for wasm32-unknown-emscripten-efc
configure:6492: result: no
configure:6457: checking for wasm32-unknown-emscripten-pgfortran
configure:6492: result: no
configure:6457: checking for wasm32-unknown-emscripten-pgf95
configure:6492: result: no
configure:6457: checking for wasm32-unknown-emscripten-lf95
configure:6492: result: no
configure:6457: checking for wasm32-unknown-emscripten-ftn
configure:6492: result: no
configure:6457: checking for wasm32-unknown-emscripten-nagfor
configure:6492: result: no
configure:6506: checking for g77
configure:6541: result: no
configure:6506: checking for xlf
configure:6541: result: no
configure:6506: checking for f77
configure:6541: result: no
configure:6506: checking for frt
configure:6541: result: no
configure:6506: checking for pgf77
configure:6541: result: no
configure:6506: checking for cf77
configure:6541: result: no
configure:6506: checking for fort77
configure:6541: result: no
configure:6506: checking for fl32
configure:6541: result: no
configure:6506: checking for af77
configure:6541: result: no
configure:6506: checking for xlf90
configure:6541: result: no
configure:6506: checking for f90
configure:6541: result: no
configure:6506: checking for pgf90
configure:6541: result: no
configure:6506: checking for pghpf
configure:6541: result: no
configure:6506: checking for epcf90
configure:6541: result: no
configure:6506: checking for gfortran
configure:6541: result: no
configure:6506: checking for g95
configure:6541: result: no
configure:6506: checking for xlf95
configure:6541: result: no
configure:6506: checking for f95
configure:6541: result: no
configure:6506: checking for fort
configure:6541: result: no
configure:6506: checking for ifort
configure:6541: result: no
configure:6506: checking for ifc
configure:6541: result: no
configure:6506: checking for efc
configure:6541: result: no
configure:6506: checking for pgfortran
configure:6541: result: no
configure:6506: checking for pgf95
configure:6541: result: no
configure:6506: checking for lf95
configure:6541: result: no
configure:6506: checking for ftn
configure:6541: result: no
configure:6506: checking for nagfor
configure:6541: result: no
configure:6564: checking for Fortran 77 compiler version
configure:6573:  --version >&5
../bochs-src/bochs/configure: line 6575: --version: command not found
configure:6584: $? = 127
configure:6573:  -v >&5
../bochs-src/bochs/configure: line 6575: -v: command not found
configure:6584: $? = 127
configure:6573:  -V >&5
../bochs-src/bochs/configure: line 6575: -V: command not found
configure:6584: $? = 127
configure:6573:  -qversion >&5
../bochs-src/bochs/configure: line 6575: -qversion: command not found
configure:6584: $? = 127
configure:6593: checking whether the compiler supports GNU Fortran 77
configure:6607:  -c  conftest.F >&5
../bochs-src/bochs/configure: line 2338: -c: command not found
configure:6607: $? = 127
configure: failed program was:
|       program main
| #ifndef __GNUC__
|        choke me
| #endif
| 
|       end
configure:6617: result: no
configure:6625: checking whether  accepts -g
configure:6637:  -c -g conftest.f >&5
../bochs-src/bochs/configure: line 2338: -c: command not found
configure:6637: $? = 127
configure: failed program was:
|       program main
| 
|       end
configure:6646: result: no
configure:6680: checking the maximum length of command line arguments
configure:6746: result: 32768
configure:6757: checking command to parse /workspace/bochs-wasm-poc/emsdk/upstream/bin/llvm-nm output from /workspace/bochs-wasm-poc/emsdk/upstream/emscripten/emcc object
configure:6847: /workspace/bochs-wasm-poc/emsdk/upstream/emscripten/emcc -c -O2 -s WASM=1 -s ASYNCIFY=1 -s ALLOW_MEMORY_GROWTH=1 -s TOTAL_MEMORY=31457280 -sNO_EXIT_RUNTIME=1 -sFORCE_FILESYSTEM=1 -D__GNU__  conftest.c >&5
emcc: warning: linker setting ignored during compilation: 'WASM' [-Wunused-command-line-argument]
emcc: warning: linker setting ignored during compilation: 'ASYNCIFY' [-Wunused-command-line-argument]
emcc: warning: linker setting ignored during compilation: 'ALLOW_MEMORY_GROWTH' [-Wunused-command-line-argument]
emcc: warning: linker setting ignored during compilation: 'TOTAL_MEMORY' [-Wunused-command-line-argument]
emcc: warning: linker setting ignored during compilation: 'EXIT_RUNTIME' [-Wunused-command-line-argument]
emcc: warning: linker setting ignored during compilation: 'FORCE_FILESYSTEM' [-Wunused-command-line-argument]
configure:6850: $? = 0
configure:6854: /workspace/bochs-wasm-poc/emsdk/upstream/bin/llvm-nm conftest.o \| sed -n -e 's/^.*[ 	]\([ABCDGIRSTW][ABCDGIRSTW]*\)[ 	][ 	]*\(\)\([_A-Za-z][_A-Za-z0-9]*\)$/\1 \2\3 \3/p' \> conftest.nm
configure:6857: $? = 0
configure:6909: /workspace/bochs-wasm-poc/emsdk/upstream/emscripten/emcc -o conftest -O2 -s WASM=1 -s ASYNCIFY=1 -s ALLOW_MEMORY_GROWTH=1 -s TOTAL_MEMORY=31457280 -sNO_EXIT_RUNTIME=1 -sFORCE_FILESYSTEM=1 -D__GNU__   conftest.c conftstm.o >&5
wasm-ld: error: symbol type mismatch: nm_test_func
>>> defined as WASM_SYMBOL_TYPE_DATA in /tmp/emscripten_temp_esbxvoli/conftest_0.o
>>> defined as WASM_SYMBOL_TYPE_FUNCTION in conftstm.o
emcc: error: '/workspace/bochs-wasm-poc/emsdk/upstream/bin/wasm-ld -o conftest.wasm /tmp/emscripten_temp_esbxvoli/conftest_0.o conftstm.o -L/workspace/bochs-wasm-poc/emsdk/upstream/emscripten/cache/sysroot/lib/wasm32-emscripten -lGL -lal -lhtml5 -lstubs -lc -ldlmalloc -lcompiler_rt -lc++-noexcept -lc++abi-noexcept -lsockets -mllvm -combiner-global-alias-analysis=false -mllvm -enable-emscripten-sjlj -mllvm -disable-lsr /tmp/tmp1bggxpz3libemscripten_js_symbols.so --export-if-defined=main --export-if-defined=__start_em_asm --export-if-defined=__stop_em_asm --export-if-defined=__start_em_lib_deps --export-if-defined=__stop_em_lib_deps --export-if-defined=__start_em_js --export-if-defined=__stop_em_js --export-if-defined=__main_argc_argv --export-if-defined=fflush --export=emscripten_stack_get_base --export=emscripten_stack_get_end --export=emscripten_stack_set_limits --export=stackSave --export=stackRestore --export=stackAlloc --export=__errno_location --export=__get_temp_ret --export=__set_temp_ret --export=__funcs_on_exit --export=malloc --export=free --export=__wasm_call_ctors --export-table -z stack-size=65536 --initial-memory=31457280 --no-entry --max-memory=2147483648 --global-base=1024' failed (returned 1)
configure:6912: $? = 1
configure:6847: /workspace/bochs-wasm-poc/emsdk/upstream/emscripten/emcc -c -O2 -s WASM=1 -s ASYNCIFY=1 -s ALLOW_MEMORY_GROWTH=1 -s TOTAL_MEMORY=31457280 -sNO_EXIT_RUNTIME=1 -sFORCE_FILESYSTEM=1 -D__GNU__  conftest.c >&5
emcc: warning: linker setting ignored during compilation: 'WASM' [-Wunused-command-line-argument]
emcc: warning: linker setting ignored during compilation: 'ASYNCIFY' [-Wunused-command-line-argument]
emcc: warning: linker setting ignored during compilation: 'ALLOW_MEMORY_GROWTH' [-Wunused-command-line-argument]
emcc: warning: linker setting ignored during compilation: 'TOTAL_MEMORY' [-Wunused-command-line-argument]
emcc: warning: linker setting ignored during compilation: 'EXIT_RUNTIME' [-Wunused-command-line-argument]
emcc: warning: linker setting ignored during compilation: 'FORCE_FILESYSTEM' [-Wunused-command-line-argument]
configure:6850: $? = 0
configure:6854: /workspace/bochs-wasm-poc/emsdk/upstream/bin/llvm-nm conftest.o \| sed -n -e 's/^.*[ 	]\([ABCDGIRSTW][ABCDGIRSTW]*\)[ 	][ 	]*\(_\)\([_A-Za-z][_A-Za-z0-9]*\)$/\1 \2\3 \3/p' \> conftest.nm
configure:6857: $? = 0
cannot find nm_test_var in conftest.nm
configure:6947: result: failed
configure:6954: checking for objdir
configure:6970: result: .libs
configure:7022: checking for wasm32-unknown-emscripten-ar
configure:7054: result: /workspace/bochs-wasm-poc/emsdk/upstream/emscripten/emar
configure:7124: checking for wasm32-unknown-emscripten-ranlib
configure:7156: result: /workspace/bochs-wasm-poc/emsdk/upstream/emscripten/emranlib
configure:7226: checking for wasm32-unknown-emscripten-strip
configure:7261: result: no
configure:7271: checking for strip
configure:7292: found /usr/bin/strip
configure:7303: result: strip
configure:7579: checking if /workspace/bochs-wasm-poc/emsdk/upstream/emscripten/emcc static flag  works
configure:7603: result: yes
configure:7625: checking if /workspace/bochs-wasm-poc/emsdk/upstream/emscripten/emcc supports -fno-rtti -fno-exceptions
configure:7644: /workspace/bochs-wasm-poc/emsdk/upstream/emscripten/emcc -c -O2 -s WASM=1 -s ASYNCIFY=1 -s ALLOW_MEMORY_GROWTH=1 -s TOTAL_MEMORY=31457280 -sNO_EXIT_RUNTIME=1 -sFORCE_FILESYSTEM=1 -D__GNU__  -fno-rtti -fno-exceptions conftest.c >&5
emcc: warning: linker setting ignored during compilation: 'WASM' [-Wunused-command-line-argument]
emcc: warning: linker setting ignored during compilation: 'ASYNCIFY' [-Wunused-command-line-argument]
emcc: warning: linker setting ignored during compilation: 'ALLOW_MEMORY_GROWTH' [-Wunused-command-line-argument]
emcc: warning: linker setting ignored during compilation: 'TOTAL_MEMORY' [-Wunused-command-line-argument]
emcc: warning: linker setting ignored during compilation: 'EXIT_RUNTIME' [-Wunused-command-line-argument]
emcc: warning: linker setting ignored during compilation: 'FORCE_FILESYSTEM' [-Wunused-command-line-argument]
configure:7648: $? = 0
configure:7659: result: no
configure:7674: checking for /workspace/bochs-wasm-poc/emsdk/upstream/emscripten/emcc option to produce PIC
configure:7851: result: -fPIC
configure:7859: checking if /workspace/bochs-wasm-poc/emsdk/upstream/emscripten/emcc PIC flag -fPIC works
configure:7878: /workspace/bochs-wasm-poc/emsdk/upstream/emscripten/emcc -c -O2 -s WASM=1 -s ASYNCIFY=1 -s ALLOW_MEMORY_GROWTH=1 -s TOTAL_MEMORY=31457280 -sNO_EXIT_RUNTIME=1 -sFORCE_FILESYSTEM=1 -D__GNU__  -fPIC -DPIC conftest.c >&5
emcc: warning: linker setting ignored during compilation: 'WASM' [-Wunused-command-line-argument]
emcc: warning: linker setting ignored during compilation: 'ASYNCIFY' [-Wunused-command-line-argument]
emcc: warning: linker setting ignored during compilation: 'ALLOW_MEMORY_GROWTH' [-Wunused-command-line-argument]
emcc: warning: linker setting ignored during compilation: 'TOTAL_MEMORY' [-Wunused-command-line-argument]
emcc: warning: linker setting ignored during compilation: 'EXIT_RUNTIME' [-Wunused-command-line-argument]
emcc: warning: linker setting ignored during compilation: 'FORCE_FILESYSTEM' [-Wunused-command-line-argument]
configure:7882: $? = 0
configure:7893: result: no
configure:7917: checking if /workspace/bochs-wasm-poc/emsdk/upstream/emscripten/emcc supports -c -o file.o
configure:7946: /workspace/bochs-wasm-poc/emsdk/upstream/emscripten/emcc -c -O2 -s WASM=1 -s ASYNCIFY=1 -s ALLOW_MEMORY_GROWTH=1 -s TOTAL_MEMORY=31457280 -sNO_EXIT_RUNTIME=1 -sFORCE_FILESYSTEM=1 -D__GNU__  -o out/conftest2.o conftest.c >&5
emcc: warning: linker setting ignored during compilation: 'WASM' [-Wunused-command-line-argument]
emcc: warning: linker setting ignored during compilation: 'ASYNCIFY' [-Wunused-command-line-argument]
emcc: warning: linker setting ignored during compilation: 'ALLOW_MEMORY_GROWTH' [-Wunused-command-line-argument]
emcc: warning: linker setting ignored during compilation: 'TOTAL_MEMORY' [-Wunused-command-line-argument]
emcc: warning: linker setting ignored during compilation: 'EXIT_RUNTIME' [-Wunused-command-line-argument]
emcc: warning: linker setting ignored during compilation: 'FORCE_FILESYSTEM' [-Wunused-command-line-argument]
configure:7950: $? = 0
configure:7970: result: no
configure:7977: checking if we can lock with hard links
configure:7985: result: yes
configure:7996: checking whether the /workspace/bochs-wasm-poc/emsdk/upstream/emscripten/emcc linker (/workspace/bochs-wasm-poc/emsdk/upstream/emscripten/emcc) supports shared libraries
configure:8788: result: yes
configure:8814: checking whether -lc should be explicitly linked in
configure:8819: /workspace/bochs-wasm-poc/emsdk/upstream/emscripten/emcc -c -O2 -s WASM=1 -s ASYNCIFY=1 -s ALLOW_MEMORY_GROWTH=1 -s TOTAL_MEMORY=31457280 -sNO_EXIT_RUNTIME=1 -sFORCE_FILESYSTEM=1 -D__GNU__  conftest.c >&5
emcc: warning: linker setting ignored during compilation: 'WASM' [-Wunused-command-line-argument]
emcc: warning: linker setting ignored during compilation: 'ASYNCIFY' [-Wunused-command-line-argument]
emcc: warning: linker setting ignored during compilation: 'ALLOW_MEMORY_GROWTH' [-Wunused-command-line-argument]
emcc: warning: linker setting ignored during compilation: 'TOTAL_MEMORY' [-Wunused-command-line-argument]
emcc: warning: linker setting ignored during compilation: 'EXIT_RUNTIME' [-Wunused-command-line-argument]
emcc: warning: linker setting ignored during compilation: 'FORCE_FILESYSTEM' [-Wunused-command-line-argument]
configure:8822: $? = 0
configure:8836: /workspace/bochs-wasm-poc/emsdk/upstream/emscripten/emcc -shared conftest.o  -v -Wl,-soname -Wl,conftest -o conftest 2\>\&1 \| grep  -lc  \>/dev/null 2\>\&1
configure:8839: $? = 1
configure:8851: result: yes
configure:8859: checking dynamic linker characteristics
configure:9381: result: no
configure:9385: checking how to hardcode library paths into programs
configure:9410: result: immediate
configure:9424: checking whether stripping libraries is possible
configure:9429: result: yes
configure:9527: checking for shl_load
configure:9527: /workspace/bochs-wasm-poc/emsdk/upstream/emscripten/emcc -o conftest -O2 -s WASM=1 -s ASYNCIFY=1 -s ALLOW_MEMORY_GROWTH=1 -s TOTAL_MEMORY=31457280 -sNO_EXIT_RUNTIME=1 -sFORCE_FILESYSTEM=1 -D__GNU__   conftest.c  >&5
wasm-ld: error: /tmp/emscripten_temp_ktdl74vd/conftest_0.o: undefined symbol: shl_load
emcc: error: '/workspace/bochs-wasm-poc/emsdk/upstream/bin/wasm-ld -o conftest.wasm /tmp/emscripten_temp_ktdl74vd/conftest_0.o -L/workspace/bochs-wasm-poc/emsdk/upstream/emscripten/cache/sysroot/lib/wasm32-emscripten -lGL -lal -lhtml5 -lstubs -lc -ldlmalloc -lcompiler_rt -lc++-noexcept -lc++abi-noexcept -lsockets -mllvm -combiner-global-alias-analysis=false -mllvm -enable-emscripten-sjlj -mllvm -disable-lsr /tmp/tmpu0d4ibcqlibemscripten_js_symbols.so --export-if-defined=main --export-if-defined=__start_em_asm --export-if-defined=__stop_em_asm --export-if-defined=__start_em_lib_deps --export-if-defined=__stop_em_lib_deps --export-if-defined=__start_em_js --export-if-defined=__stop_em_js --export-if-defined=__main_argc_argv --export-if-defined=fflush --export=emscripten_stack_get_base --export=emscripten_stack_get_end --export=emscripten_stack_set_limits --export=stackSave --export=stackRestore --export=stackAlloc --export=__errno_location --export=__get_temp_ret --export=__set_temp_ret --export=__funcs_on_exit --export=malloc --export=free --export=__wasm_call_ctors --export-table -z stack-size=65536 --initial-memory=31457280 --no-entry --max-memory=2147483648 --global-base=1024' failed (returned 1)
configure:9527: $? = 1
configure: failed program was:
| /* confdefs.h */
| #define PACKAGE_NAME ""
| #define PACKAGE_TARNAME ""
| #define PACKAGE_VERSION ""
| #define PACKAGE_STRING ""
| #define PACKAGE_BUGREPORT ""
| #define PACKAGE_URL ""
| #define HAVE_STDIO_H 1
| #define HAVE_STDLIB_H 1
| #define HAVE_STRING_H 1
| #define HAVE_INTTYPES_H 1
| #define HAVE_STDINT_H 1
| #define HAVE_STRINGS_H 1
| #define HAVE_SYS_STAT_H 1
| #define HAVE_SYS_TYPES_H 1
| #define HAVE_UNISTD_H 1
| #define STDC_HEADERS 1
| #define HAVE_DLFCN_H 1
| /* end confdefs.h.  */
| /* Define shl_load to an innocuous variant, in case <limits.h> declares shl_load.
|    For example, HP-UX 11i <limits.h> declares gettimeofday.  */
| #define shl_load innocuous_shl_load
| 
| /* System header to define __stub macros and hopefully few prototypes,
|    which can conflict with char shl_load (); below.  */
| 
| #include <limits.h>
| #undef shl_load
| 
| /* Override any GCC internal prototype to avoid an error.
|    Use char because int might match the return type of a GCC
|    builtin and then its argument prototype would still apply.  */
| #ifdef __cplusplus
| extern "C"
| #endif
| char shl_load ();
| /* The GNU C library defines this for functions which it implements
|     to always fail with ENOSYS.  Some functions are actually named
|     something starting with __ and the normal name is an alias.  */
| #if defined __stub_shl_load || defined __stub___shl_load
| choke me
| #endif
| 
| int
| main (void)
| {
| return shl_load ();
|   ;
|   return 0;
| }
configure:9527: result: no
configure:9532: checking for shl_load in -ldld
configure:9555: /workspace/bochs-wasm-poc/emsdk/upstream/emscripten/emcc -o conftest -O2 -s WASM=1 -s ASYNCIFY=1 -s ALLOW_MEMORY_GROWTH=1 -s TOTAL_MEMORY=31457280 -sNO_EXIT_RUNTIME=1 -sFORCE_FILESYSTEM=1 -D__GNU__   conftest.c -ldld   >&5
wasm-ld: error: unable to find library -ldld
emcc: error: '/workspace/bochs-wasm-poc/emsdk/upstream/bin/wasm-ld -o conftest.wasm /tmp/emscripten_temp_bbk_tr9n/conftest_0.o -ldld -L/workspace/bochs-wasm-poc/emsdk/upstream/emscripten/cache/sysroot/lib/wasm32-emscripten -lGL -lal -lhtml5 -lstubs -lc -ldlmalloc -lcompiler_rt -lc++-noexcept -lc++abi-noexcept -lsockets -mllvm -combiner-global-alias-analysis=false -mllvm -enable-emscripten-sjlj -mllvm -disable-lsr /tmp/tmpi7zgy8ejlibemscripten_js_symbols.so --export-if-defined=main --export-if-defined=__start_em_asm --export-if-defined=__stop_em_asm --export-if-defined=__start_em_lib_deps --export-if-defined=__stop_em_lib_deps --export-if-defined=__start_em_js --export-if-defined=__stop_em_js --export-if-defined=__main_argc_argv --export-if-defined=fflush --export=emscripten_stack_get_base --export=emscripten_stack_get_end --export=emscripten_stack_set_limits --export=stackSave --export=stackRestore --export=stackAlloc --export=__errno_location --export=__get_temp_ret --export=__set_temp_ret --export=__funcs_on_exit --export=malloc --export=free --export=__wasm_call_ctors --export-table -z stack-size=65536 --initial-memory=31457280 --no-entry --max-memory=2147483648 --global-base=1024' failed (returned 1)
configure:9555: $? = 1
configure: failed program was:
| /* confdefs.h */
| #define PACKAGE_NAME ""
| #define PACKAGE_TARNAME ""
| #define PACKAGE_VERSION ""
| #define PACKAGE_STRING ""
| #define PACKAGE_BUGREPORT ""
| #define PACKAGE_URL ""
| #define HAVE_STDIO_H 1
| #define HAVE_STDLIB_H 1
| #define HAVE_STRING_H 1
| #define HAVE_INTTYPES_H 1
| #define HAVE_STDINT_H 1
| #define HAVE_STRINGS_H 1
| #define HAVE_SYS_STAT_H 1
| #define HAVE_SYS_TYPES_H 1
| #define HAVE_UNISTD_H 1
| #define STDC_HEADERS 1
| #define HAVE_DLFCN_H 1
| /* end confdefs.h.  */
| 
| /* Override any GCC internal prototype to avoid an error.
|    Use char because int might match the return type of a GCC
|    builtin and then its argument prototype would still apply.  */
| char shl_load ();
| int
| main (void)
| {
| return shl_load ();
|   ;
|   return 0;
| }
configure:9565: result: no
configure:9571: checking for dlopen
configure:9571: /workspace/bochs-wasm-poc/emsdk/upstream/emscripten/emcc -o conftest -O2 -s WASM=1 -s ASYNCIFY=1 -s ALLOW_MEMORY_GROWTH=1 -s TOTAL_MEMORY=31457280 -sNO_EXIT_RUNTIME=1 -sFORCE_FILESYSTEM=1 -D__GNU__   conftest.c  >&5
configure:9571: $? = 0
configure:9571: result: yes
configure:9729: checking whether a program can dlopen itself
configure:9798: /workspace/bochs-wasm-poc/emsdk/upstream/emscripten/emcc -o conftest -O2 -s WASM=1 -s ASYNCIFY=1 -s ALLOW_MEMORY_GROWTH=1 -s TOTAL_MEMORY=31457280 -sNO_EXIT_RUNTIME=1 -sFORCE_FILESYSTEM=1 -D__GNU__  -DHAVE_DLFCN_H  -Wl,--export-dynamic conftest.c   >&5
configure:9801: $? = 0
configure:9819: result: no
configure:9937: checking if libtool supports shared libraries
configure:9939: result: no
configure:9942: checking whether to build shared libraries
configure:10000: result: no
configure:10003: checking whether to build static libraries
configure:10007: result: yes
configure:10098: creating libtool
configure:10640: checking for ld used by /workspace/bochs-wasm-poc/emsdk/upstream/emscripten/em++
em++: error: no input files
configure:10708: result: /workspace/bochs-wasm-poc/emsdk/upstream/emscripten/emcc
configure:10715: checking if the linker (/workspace/bochs-wasm-poc/emsdk/upstream/emscripten/emcc) is GNU ld
configure:10731: result: yes
configure:10782: checking whether the /workspace/bochs-wasm-poc/emsdk/upstream/emscripten/em++ linker (/workspace/bochs-wasm-poc/emsdk/upstream/emscripten/emcc) supports shared libraries
configure:11554: result: no
configure:11576: /workspace/bochs-wasm-poc/emsdk/upstream/emscripten/em++ -c -O2 -s WASM=1 -s ASYNCIFY=1 -s ALLOW_MEMORY_GROWTH=1 -s TOTAL_MEMORY=31457280 -sNO_EXIT_RUNTIME=1 -sFORCE_FILESYSTEM=1 -D__GNU__  conftest.cc >&5
em++: warning: linker setting ignored during compilation: 'WASM' [-Wunused-command-line-argument]
em++: warning: linker setting ignored during compilation: 'ASYNCIFY' [-Wunused-command-line-argument]
em++: warning: linker setting ignored during compilation: 'ALLOW_MEMORY_GROWTH' [-Wunused-command-line-argument]
em++: warning: linker setting ignored during compilation: 'TOTAL_MEMORY' [-Wunused-command-line-argument]
em++: warning: linker setting ignored during compilation: 'EXIT_RUNTIME' [-Wunused-command-line-argument]
em++: warning: linker setting ignored during compilation: 'FORCE_FILESYSTEM' [-Wunused-command-line-argument]
configure:11579: $? = 0
configure:11675: checking for /workspace/bochs-wasm-poc/emsdk/upstream/emscripten/em++ option to produce PIC
configure:11927: result: -fPIC
configure:11935: checking if /workspace/bochs-wasm-poc/emsdk/upstream/emscripten/em++ PIC flag -fPIC works
configure:11962: /workspace/bochs-wasm-poc/emsdk/upstream/emscripten/em++ -c -O2 -s WASM=1 -s ASYNCIFY=1 -s ALLOW_MEMORY_GROWTH=1 -s TOTAL_MEMORY=31457280 -sNO_EXIT_RUNTIME=1 -sFORCE_FILESYSTEM=1 -D__GNU__  -fPIC -DPIC conftest.cc >&5
em++: warning: linker setting ignored during compilation: 'WASM' [-Wunused-command-line-argument]
em++: warning: linker setting ignored during compilation: 'ASYNCIFY' [-Wunused-command-line-argument]
em++: warning: linker setting ignored during compilation: 'ALLOW_MEMORY_GROWTH' [-Wunused-command-line-argument]
em++: warning: linker setting ignored during compilation: 'TOTAL_MEMORY' [-Wunused-command-line-argument]
em++: warning: linker setting ignored during compilation: 'EXIT_RUNTIME' [-Wunused-command-line-argument]
em++: warning: linker setting ignored during compilation: 'FORCE_FILESYSTEM' [-Wunused-command-line-argument]
configure:11966: $? = 0
configure:11969: result: no
configure:11993: checking if /workspace/bochs-wasm-poc/emsdk/upstream/emscripten/em++ supports -c -o file.o
configure:12030: /workspace/bochs-wasm-poc/emsdk/upstream/emscripten/em++ -c -O2 -s WASM=1 -s ASYNCIFY=1 -s ALLOW_MEMORY_GROWTH=1 -s TOTAL_MEMORY=31457280 -sNO_EXIT_RUNTIME=1 -sFORCE_FILESYSTEM=1 -D__GNU__  -o out/conftest2.o conftest.cc >&5
em++: warning: linker setting ignored during compilation: 'WASM' [-Wunused-command-line-argument]
em++: warning: linker setting ignored during compilation: 'ASYNCIFY' [-Wunused-command-line-argument]
em++: warning: linker setting ignored during compilation: 'ALLOW_MEMORY_GROWTH' [-Wunused-command-line-argument]
em++: warning: linker setting ignored during compilation: 'TOTAL_MEMORY' [-Wunused-command-line-argument]
em++: warning: linker setting ignored during compilation: 'EXIT_RUNTIME' [-Wunused-command-line-argument]
em++: warning: linker setting ignored during compilation: 'FORCE_FILESYSTEM' [-Wunused-command-line-argument]
configure:12034: $? = 0
configure:12046: result: no
configure:12053: checking if we can lock with hard links
configure:12061: result: yes
configure:12072: checking whether the /workspace/bochs-wasm-poc/emsdk/upstream/emscripten/em++ linker (/workspace/bochs-wasm-poc/emsdk/upstream/emscripten/emcc) supports shared libraries
configure:12097: result: no
configure:12168: checking dynamic linker characteristics
configure:12690: result: no
configure:12694: checking how to hardcode library paths into programs
configure:12719: result: immediate
configure:12733: checking whether stripping libraries is possible
configure:12738: result: yes
configure:12835: checking for shl_load
configure:12835: result: no
configure:12840: checking for shl_load in -ldld
configure:12872: result: no
configure:12878: checking for dlopen
configure:12878: result: yes
configure:13033: checking whether a program can dlopen itself
configure:13123: result: no
configure:19185: checking for an ANSI C-conforming const
configure:19252: /workspace/bochs-wasm-poc/emsdk/upstream/emscripten/emcc -c -O2 -s WASM=1 -s ASYNCIFY=1 -s ALLOW_MEMORY_GROWTH=1 -s TOTAL_MEMORY=31457280 -sNO_EXIT_RUNTIME=1 -sFORCE_FILESYSTEM=1 -D__GNU__  conftest.c >&5
emcc: warning: linker setting ignored during compilation: 'WASM' [-Wunused-command-line-argument]
emcc: warning: linker setting ignored during compilation: 'ASYNCIFY' [-Wunused-command-line-argument]
emcc: warning: linker setting ignored during compilation: 'ALLOW_MEMORY_GROWTH' [-Wunused-command-line-argument]
emcc: warning: linker setting ignored during compilation: 'TOTAL_MEMORY' [-Wunused-command-line-argument]
emcc: warning: linker setting ignored during compilation: 'EXIT_RUNTIME' [-Wunused-command-line-argument]
emcc: warning: linker setting ignored during compilation: 'FORCE_FILESYSTEM' [-Wunused-command-line-argument]
configure:19252: $? = 0
configure:19260: result: yes
configure:19271: checking for egrep
configure:19339: result: /usr/bin/grep -E
configure:19348: checking for dirent.h that defines DIR
configure:19368: /workspace/bochs-wasm-poc/emsdk/upstream/emscripten/emcc -c -O2 -s WASM=1 -s ASYNCIFY=1 -s ALLOW_MEMORY_GROWTH=1 -s TOTAL_MEMORY=31457280 -sNO_EXIT_RUNTIME=1 -sFORCE_FILESYSTEM=1 -D__GNU__  conftest.c >&5
emcc: warning: linker setting ignored during compilation: 'WASM' [-Wunused-command-line-argument]
emcc: warning: linker setting ignored during compilation: 'ASYNCIFY' [-Wunused-command-line-argument]
emcc: warning: linker setting ignored during compilation: 'ALLOW_MEMORY_GROWTH' [-Wunused-command-line-argument]
emcc: warning: linker setting ignored during compilation: 'TOTAL_MEMORY' [-Wunused-command-line-argument]
emcc: warning: linker setting ignored during compilation: 'EXIT_RUNTIME' [-Wunused-command-line-argument]
emcc: warning: linker setting ignored during compilation: 'FORCE_FILESYSTEM' [-Wunused-command-line-argument]
configure:19368: $? = 0
configure:19377: result: yes
configure:19391: checking for library containing opendir
configure:19421: /workspace/bochs-wasm-poc/emsdk/upstream/emscripten/emcc -o conftest -O2 -s WASM=1 -s ASYNCIFY=1 -s ALLOW_MEMORY_GROWTH=1 -s TOTAL_MEMORY=31457280 -sNO_EXIT_RUNTIME=1 -sFORCE_FILESYSTEM=1 -D__GNU__   conftest.c  >&5
wasm-ld: warning: function signature mismatch: opendir
>>> defined as () -> i32 in /tmp/emscripten_temp_4c83oftg/conftest_0.o
>>> defined as (i32) -> i32 in /workspace/bochs-wasm-poc/emsdk/upstream/emscripten/cache/sysroot/lib/wasm32-emscripten/libc.a(opendir.o)
configure:19421: $? = 0
configure:19441: result: none required
configure:19529: checking which extension is used for loadable modules
configure:19540: result: .so
configure:19549: checking which variable specifies run-time library path
configure:19557: result: 
configure:19566: checking for the default library search path
configure:19574: result: /lib /usr/lib
configure:19590: checking for objdir
configure:19612: result: .libs
configure:19619: checking whether libtool supports -dlopen/-dlpreopen
configure:19632: result: no
configure:19649: checking for shl_load
configure:19649: result: no
configure:19656: checking for shl_load in -ldld
configure:19689: result: no
configure:19698: checking for dlopen in -ldl
configure:19721: /workspace/bochs-wasm-poc/emsdk/upstream/emscripten/emcc -o conftest -O2 -s WASM=1 -s ASYNCIFY=1 -s ALLOW_MEMORY_GROWTH=1 -s TOTAL_MEMORY=31457280 -sNO_EXIT_RUNTIME=1 -sFORCE_FILESYSTEM=1 -D__GNU__   conftest.c -ldl   >&5
configure:19721: $? = 0
configure:19731: result: yes
configure:19876: checking for dlerror
configure:19876: /workspace/bochs-wasm-poc/emsdk/upstream/emscripten/emcc -o conftest -O2 -s WASM=1 -s ASYNCIFY=1 -s ALLOW_MEMORY_GROWTH=1 -s TOTAL_MEMORY=31457280 -sNO_EXIT_RUNTIME=1 -sFORCE_FILESYSTEM=1 -D__GNU__   conftest.c  -ldl >&5
configure:19876: $? = 0
configure:19876: result: yes
configure:19893: checking for _ prefix in compiled symbols
configure:19904: /workspace/bochs-wasm-poc/emsdk/upstream/emscripten/emcc -c -O2 -s WASM=1 -s ASYNCIFY=1 -s ALLOW_MEMORY_GROWTH=1 -s TOTAL_MEMORY=31457280 -sNO_EXIT_RUNTIME=1 -sFORCE_FILESYSTEM=1 -D__GNU__  conftest.c >&5
emcc: warning: linker setting ignored during compilation: 'WASM' [-Wunused-command-line-argument]
emcc: warning: linker setting ignored during compilation: 'ASYNCIFY' [-Wunused-command-line-argument]
emcc: warning: linker setting ignored during compilation: 'ALLOW_MEMORY_GROWTH' [-Wunused-command-line-argument]
emcc: warning: linker setting ignored during compilation: 'TOTAL_MEMORY' [-Wunused-command-line-argument]
emcc: warning: linker setting ignored during compilation: 'EXIT_RUNTIME' [-Wunused-command-line-argument]
emcc: warning: linker setting ignored during compilation: 'FORCE_FILESYSTEM' [-Wunused-command-line-argument]
conftest.c:2:12: warning: expression result unused [-Wunused-value]
int main(){nm_test_func;return 0;}
           ^~~~~~~~~~~~
1 warning generated.
configure:19907: $? = 0
configure:19911: /workspace/bochs-wasm-poc/emsdk/upstream/bin/llvm-nm conftest.o \|  \> conftest.nm
configure:19914: $? = 0
configure: cannot run 
configure:19936: result: no
configure:20049: checking whether deplibs are loaded by dlopen
configure:20130: result: unknown
configure:20138: checking for argz.h
configure:20138: /workspace/bochs-wasm-poc/emsdk/upstream/emscripten/emcc -c -O2 -s WASM=1 -s ASYNCIFY=1 -s ALLOW_MEMORY_GROWTH=1 -s TOTAL_MEMORY=31457280 -sNO_EXIT_RUNTIME=1 -sFORCE_FILESYSTEM=1 -D__GNU__  conftest.c >&5
emcc: warning: linker setting ignored during compilation: 'WASM' [-Wunused-command-line-argument]
emcc: warning: linker setting ignored during compilation: 'ASYNCIFY' [-Wunused-command-line-argument]
emcc: warning: linker setting ignored during compilation: 'ALLOW_MEMORY_GROWTH' [-Wunused-command-line-argument]
emcc: warning: linker setting ignored during compilation: 'TOTAL_MEMORY' [-Wunused-command-line-argument]
emcc: warning: linker setting ignored during compilation: 'EXIT_RUNTIME' [-Wunused-command-line-argument]
emcc: warning: linker setting ignored during compilation: 'FORCE_FILESYSTEM' [-Wunused-command-line-argument]
conftest.c:55:10: fatal error: 'argz.h' file not found
#include <argz.h>
         ^~~~~~~~
1 error generated.
emcc: error: '/workspace/bochs-wasm-poc/emsdk/upstream/bin/clang -target wasm32-unknown-emscripten -fignore-exceptions -fvisibility=default -mllvm -combiner-global-alias-analysis=false -mllvm -enable-emscripten-sjlj -mllvm -disable-lsr -DEMSCRIPTEN -Werror=implicit-function-declaration --sysroot=/workspace/bochs-wasm-poc/emsdk/upstream/emscripten/cache/sysroot -Xclang -iwithsysroot/include/fakesdl -Xclang -iwithsysroot/include/compat -c -O2 -D__GNU__ conftest.c -o conftest.o' failed (returned 1)
configure:20138: $? = 1
configure: failed program was:
| /* confdefs.h */
| #define PACKAGE_NAME ""
| #define PACKAGE_TARNAME ""
| #define PACKAGE_VERSION ""
| #define PACKAGE_STRING ""
| #define PACKAGE_BUGREPORT ""
| #define PACKAGE_URL ""
| #define HAVE_STDIO_H 1
| #define HAVE_STDLIB_H 1
| #define HAVE_STRING_H 1
| #define HAVE_INTTYPES_H 1
| #define HAVE_STDINT_H 1
| #define HAVE_STRINGS_H 1
| #define HAVE_SYS_STAT_H 1
| #define HAVE_SYS_TYPES_H 1
| #define HAVE_UNISTD_H 1
| #define STDC_HEADERS 1
| #define HAVE_DLFCN_H 1
| #define HAVE_DIRENT_H 1
| #define LTDL_SHLIB_EXT ".so"
| #define LTDL_SYSSEARCHPATH "/lib:/usr/lib"
| #define LTDL_OBJDIR ".libs/"
| #define HAVE_LIBDL 1
| #define HAVE_DLERROR 1
| #define LTDL_DLOPEN_DEPLIBS 1
| /* end confdefs.h.  */
| #include <stddef.h>
| #ifdef HAVE_STDIO_H
| # include <stdio.h>
| #endif
| #ifdef HAVE_STDLIB_H
| # include <stdlib.h>
| #endif
| #ifdef HAVE_STRING_H
| # include <string.h>
| #endif
| #ifdef HAVE_INTTYPES_H
| # include <inttypes.h>
| #endif
| #ifdef HAVE_STDINT_H
| # include <stdint.h>
| #endif
| #ifdef HAVE_STRINGS_H
| # include <strings.h>
| #endif
| #ifdef HAVE_SYS_TYPES_H
| # include <sys/types.h>
| #endif
| #ifdef HAVE_SYS_STAT_H
| # include <sys/stat.h>
| #endif
| #ifdef HAVE_UNISTD_H
| # include <unistd.h>
| #endif
| #include <argz.h>
configure:20138: result: no
configure:20146: checking for error_t
configure:20146: /workspace/bochs-wasm-poc/emsdk/upstream/emscripten/emcc -c -O2 -s WASM=1 -s ASYNCIFY=1 -s ALLOW_MEMORY_GROWTH=1 -s TOTAL_MEMORY=31457280 -sNO_EXIT_RUNTIME=1 -sFORCE_FILESYSTEM=1 -D__GNU__  conftest.c >&5
emcc: warning: linker setting ignored during compilation: 'WASM' [-Wunused-command-line-argument]
emcc: warning: linker setting ignored during compilation: 'ASYNCIFY' [-Wunused-command-line-argument]
emcc: warning: linker setting ignored during compilation: 'ALLOW_MEMORY_GROWTH' [-Wunused-command-line-argument]
emcc: warning: linker setting ignored during compilation: 'TOTAL_MEMORY' [-Wunused-command-line-argument]
emcc: warning: linker setting ignored during compilation: 'EXIT_RUNTIME' [-Wunused-command-line-argument]
emcc: warning: linker setting ignored during compilation: 'FORCE_FILESYSTEM' [-Wunused-command-line-argument]
conftest.c:34:13: error: use of undeclared identifier 'error_t'
if (sizeof (error_t))
            ^
1 error generated.
emcc: error: '/workspace/bochs-wasm-poc/emsdk/upstream/bin/clang -target wasm32-unknown-emscripten -fignore-exceptions -fvisibility=default -mllvm -combiner-global-alias-analysis=false -mllvm -enable-emscripten-sjlj -mllvm -disable-lsr -DEMSCRIPTEN -Werror=implicit-function-declaration --sysroot=/workspace/bochs-wasm-poc/emsdk/upstream/emscripten/cache/sysroot -Xclang -iwithsysroot/include/fakesdl -Xclang -iwithsysroot/include/compat -c -O2 -D__GNU__ conftest.c -o conftest.o' failed (returned 1)
configure:20146: $? = 1
configure: failed program was:
| /* confdefs.h */
| #define PACKAGE_NAME ""
| #define PACKAGE_TARNAME ""
| #define PACKAGE_VERSION ""
| #define PACKAGE_STRING ""
| #define PACKAGE_BUGREPORT ""
| #define PACKAGE_URL ""
| #define HAVE_STDIO_H 1
| #define HAVE_STDLIB_H 1
| #define HAVE_STRING_H 1
| #define HAVE_INTTYPES_H 1
| #define HAVE_STDINT_H 1
| #define HAVE_STRINGS_H 1
| #define HAVE_SYS_STAT_H 1
| #define HAVE_SYS_TYPES_H 1
| #define HAVE_UNISTD_H 1
| #define STDC_HEADERS 1
| #define HAVE_DLFCN_H 1
| #define HAVE_DIRENT_H 1
| #define LTDL_SHLIB_EXT ".so"
| #define LTDL_SYSSEARCHPATH "/lib:/usr/lib"
| #define LTDL_OBJDIR ".libs/"
| #define HAVE_LIBDL 1
| #define HAVE_DLERROR 1
| #define LTDL_DLOPEN_DEPLIBS 1
| /* end confdefs.h.  */
| #if HAVE_ARGZ_H
| #  include <argz.h>
| #endif
| 
| int
| main (void)
| {
| if (sizeof (error_t))
| 	 return 0;
|   ;
|   return 0;
| }
configure:20146: result: no
configure:20163: checking for argz_append
configure:20163: /workspace/bochs-wasm-poc/emsdk/upstream/emscripten/emcc -o conftest -O2 -s WASM=1 -s ASYNCIFY=1 -s ALLOW_MEMORY_GROWTH=1 -s TOTAL_MEMORY=31457280 -sNO_EXIT_RUNTIME=1 -sFORCE_FILESYSTEM=1 -D__GNU__   conftest.c  >&5
wasm-ld: error: /tmp/emscripten_temp_ty5p6bsn/conftest_0.o: undefined symbol: argz_append
emcc: error: '/workspace/bochs-wasm-poc/emsdk/upstream/bin/wasm-ld -o conftest.wasm /tmp/emscripten_temp_ty5p6bsn/conftest_0.o -L/workspace/bochs-wasm-poc/emsdk/upstream/emscripten/cache/sysroot/lib/wasm32-emscripten -lGL -lal -lhtml5 -lstubs -lc -ldlmalloc -lcompiler_rt -lc++-noexcept -lc++abi-noexcept -lsockets -mllvm -combiner-global-alias-analysis=false -mllvm -enable-emscripten-sjlj -mllvm -disable-lsr /tmp/tmpgg88uh03libemscripten_js_symbols.so --export-if-defined=main --export-if-defined=__start_em_asm --export-if-defined=__stop_em_asm --export-if-defined=__start_em_lib_deps --export-if-defined=__stop_em_lib_deps --export-if-defined=__start_em_js --export-if-defined=__stop_em_js --export-if-defined=__main_argc_argv --export-if-defined=fflush --export=emscripten_stack_get_base --export=emscripten_stack_get_end --export=emscripten_stack_set_limits --export=stackSave --export=stackRestore --export=stackAlloc --export=__errno_location --export=__get_temp_ret --export=__set_temp_ret --export=__funcs_on_exit --export=malloc --export=free --export=__wasm_call_ctors --export-table -z stack-size=65536 --initial-memory=31457280 --no-entry --max-memory=2147483648 --global-base=1024' failed (returned 1)
configure:20163: $? = 1
configure: failed program was:
| /* confdefs.h */
| #define PACKAGE_NAME ""
| #define PACKAGE_TARNAME ""
| #define PACKAGE_VERSION ""
| #define PACKAGE_STRING ""
| #define PACKAGE_BUGREPORT ""
| #define PACKAGE_URL ""
| #define HAVE_STDIO_H 1
| #define HAVE_STDLIB_H 1
| #define HAVE_STRING_H 1
| #define HAVE_INTTYPES_H 1
| #define HAVE_STDINT_H 1
| #define HAVE_STRINGS_H 1
| #define HAVE_SYS_STAT_H 1
| #define HAVE_SYS_TYPES_H 1
| #define HAVE_UNISTD_H 1
| #define STDC_HEADERS 1
| #define HAVE_DLFCN_H 1
| #define HAVE_DIRENT_H 1
| #define LTDL_SHLIB_EXT ".so"
| #define LTDL_SYSSEARCHPATH "/lib:/usr/lib"
| #define LTDL_OBJDIR ".libs/"
| #define HAVE_LIBDL 1
| #define HAVE_DLERROR 1
| #define LTDL_DLOPEN_DEPLIBS 1
| #define error_t int
| /* end confdefs.h.  */
| /* Define argz_append to an innocuous variant, in case <limits.h> declares argz_append.
|    For example, HP-UX 11i <limits.h> declares gettimeofday.  */
| #define argz_append innocuous_argz_append
| 
| /* System header to define __stub macros and hopefully few prototypes,
|    which can conflict with char argz_append (); below.  */
| 
| #include <limits.h>
| #undef argz_append
| 
| /* Override any GCC internal prototype to avoid an error.
|    Use char because int might match the return type of a GCC
|    builtin and then its argument prototype would still apply.  */
| #ifdef __cplusplus
| extern "C"
| #endif
| char argz_append ();
| /* The GNU C library defines this for functions which it implements
|     to always fail with ENOSYS.  Some functions are actually named
|     something starting with __ and the normal name is an alias.  */
| #if defined __stub_argz_append || defined __stub___argz_append
| choke me
| #endif
| 
| int
| main (void)
| {
| return argz_append ();
|   ;
|   return 0;
| }
configure:20163: result: no
configure:20169: checking for argz_create_sep
configure:20169: /workspace/bochs-wasm-poc/emsdk/upstream/emscripten/emcc -o conftest -O2 -s WASM=1 -s ASYNCIFY=1 -s ALLOW_MEMORY_GROWTH=1 -s TOTAL_MEMORY=31457280 -sNO_EXIT_RUNTIME=1 -sFORCE_FILESYSTEM=1 -D__GNU__   conftest.c  >&5
wasm-ld: error: /tmp/emscripten_temp_r7i0_zty/conftest_0.o: undefined symbol: argz_create_sep
emcc: error: '/workspace/bochs-wasm-poc/emsdk/upstream/bin/wasm-ld -o conftest.wasm /tmp/emscripten_temp_r7i0_zty/conftest_0.o -L/workspace/bochs-wasm-poc/emsdk/upstream/emscripten/cache/sysroot/lib/wasm32-emscripten -lGL -lal -lhtml5 -lstubs -lc -ldlmalloc -lcompiler_rt -lc++-noexcept -lc++abi-noexcept -lsockets -mllvm -combiner-global-alias-analysis=false -mllvm -enable-emscripten-sjlj -mllvm -disable-lsr /tmp/tmpkkvk6f6llibemscripten_js_symbols.so --export-if-defined=main --export-if-defined=__start_em_asm --export-if-defined=__stop_em_asm --export-if-defined=__start_em_lib_deps --export-if-defined=__stop_em_lib_deps --export-if-defined=__start_em_js --export-if-defined=__stop_em_js --export-if-defined=__main_argc_argv --export-if-defined=fflush --export=emscripten_stack_get_base --export=emscripten_stack_get_end --export=emscripten_stack_set_limits --export=stackSave --export=stackRestore --export=stackAlloc --export=__errno_location --export=__get_temp_ret --export=__set_temp_ret --export=__funcs_on_exit --export=malloc --export=free --export=__wasm_call_ctors --export-table -z stack-size=65536 --initial-memory=31457280 --no-entry --max-memory=2147483648 --global-base=1024' failed (returned 1)
configure:20169: $? = 1
configure: failed program was:
| /* confdefs.h */
| #define PACKAGE_NAME ""
| #define PACKAGE_TARNAME ""
| #define PACKAGE_VERSION ""
| #define PACKAGE_STRING ""
| #define PACKAGE_BUGREPORT ""
| #define PACKAGE_URL ""
| #define HAVE_STDIO_H 1
| #define HAVE_STDLIB_H 1
| #define HAVE_STRING_H 1
| #define HAVE_INTTYPES_H 1
| #define HAVE_STDINT_H 1
| #define HAVE_STRINGS_H 1
| #define HAVE_SYS_STAT_H 1
| #define HAVE_SYS_TYPES_H 1
| #define HAVE_UNISTD_H 1
| #define STDC_HEADERS 1
| #define HAVE_DLFCN_H 1
| #define HAVE_DIRENT_H 1
| #define LTDL_SHLIB_EXT ".so"
| #define LTDL_SYSSEARCHPATH "/lib:/usr/lib"
| #define LTDL_OBJDIR ".libs/"
| #define HAVE_LIBDL 1
| #define HAVE_DLERROR 1
| #define LTDL_DLOPEN_DEPLIBS 1
| #define error_t int
| /* end confdefs.h.  */
| /* Define argz_create_sep to an innocuous variant, in case <limits.h> declares argz_create_sep.
|    For example, HP-UX 11i <limits.h> declares gettimeofday.  */
| #define argz_create_sep innocuous_argz_create_sep
| 
| /* System header to define __stub macros and hopefully few prototypes,
|    which can conflict with char argz_create_sep (); below.  */
| 
| #include <limits.h>
| #undef argz_create_sep
| 
| /* Override any GCC internal prototype to avoid an error.
|    Use char because int might match the return type of a GCC
|    builtin and then its argument prototype would still apply.  */
| #ifdef __cplusplus
| extern "C"
| #endif
| char argz_create_sep ();
| /* The GNU C library defines this for functions which it implements
|     to always fail with ENOSYS.  Some functions are actually named
|     something starting with __ and the normal name is an alias.  */
| #if defined __stub_argz_create_sep || defined __stub___argz_create_sep
| choke me
| #endif
| 
| int
| main (void)
| {
| return argz_create_sep ();
|   ;
|   return 0;
| }
configure:20169: result: no
configure:20175: checking for argz_insert
configure:20175: /workspace/bochs-wasm-poc/emsdk/upstream/emscripten/emcc -o conftest -O2 -s WASM=1 -s ASYNCIFY=1 -s ALLOW_MEMORY_GROWTH=1 -s TOTAL_MEMORY=31457280 -sNO_EXIT_RUNTIME=1 -sFORCE_FILESYSTEM=1 -D__GNU__   conftest.c  >&5
wasm-ld: error: /tmp/emscripten_temp_tdcaxd3b/conftest_0.o: undefined symbol: argz_insert
emcc: error: '/workspace/bochs-wasm-poc/emsdk/upstream/bin/wasm-ld -o conftest.wasm /tmp/emscripten_temp_tdcaxd3b/conftest_0.o -L/workspace/bochs-wasm-poc/emsdk/upstream/emscripten/cache/sysroot/lib/wasm32-emscripten -lGL -lal -lhtml5 -lstubs -lc -ldlmalloc -lcompiler_rt -lc++-noexcept -lc++abi-noexcept -lsockets -mllvm -combiner-global-alias-analysis=false -mllvm -enable-emscripten-sjlj -mllvm -disable-lsr /tmp/tmp_wxkv914libemscripten_js_symbols.so --export-if-defined=main --export-if-defined=__start_em_asm --export-if-defined=__stop_em_asm --export-if-defined=__start_em_lib_deps --export-if-defined=__stop_em_lib_deps --export-if-defined=__start_em_js --export-if-defined=__stop_em_js --export-if-defined=__main_argc_argv --export-if-defined=fflush --export=emscripten_stack_get_base --export=emscripten_stack_get_end --export=emscripten_stack_set_limits --export=stackSave --export=stackRestore --export=stackAlloc --export=__errno_location --export=__get_temp_ret --export=__set_temp_ret --export=__funcs_on_exit --export=malloc --export=free --export=__wasm_call_ctors --export-table -z stack-size=65536 --initial-memory=31457280 --no-entry --max-memory=2147483648 --global-base=1024' failed (returned 1)
configure:20175: $? = 1
configure: failed program was:
| /* confdefs.h */
| #define PACKAGE_NAME ""
| #define PACKAGE_TARNAME ""
| #define PACKAGE_VERSION ""
| #define PACKAGE_STRING ""
| #define PACKAGE_BUGREPORT ""
| #define PACKAGE_URL ""
| #define HAVE_STDIO_H 1
| #define HAVE_STDLIB_H 1
| #define HAVE_STRING_H 1
| #define HAVE_INTTYPES_H 1
| #define HAVE_STDINT_H 1
| #define HAVE_STRINGS_H 1
| #define HAVE_SYS_STAT_H 1
| #define HAVE_SYS_TYPES_H 1
| #define HAVE_UNISTD_H 1
| #define STDC_HEADERS 1
| #define HAVE_DLFCN_H 1
| #define HAVE_DIRENT_H 1
| #define LTDL_SHLIB_EXT ".so"
| #define LTDL_SYSSEARCHPATH "/lib:/usr/lib"
| #define LTDL_OBJDIR ".libs/"
| #define HAVE_LIBDL 1
| #define HAVE_DLERROR 1
| #define LTDL_DLOPEN_DEPLIBS 1
| #define error_t int
| /* end confdefs.h.  */
| /* Define argz_insert to an innocuous variant, in case <limits.h> declares argz_insert.
|    For example, HP-UX 11i <limits.h> declares gettimeofday.  */
| #define argz_insert innocuous_argz_insert
| 
| /* System header to define __stub macros and hopefully few prototypes,
|    which can conflict with char argz_insert (); below.  */
| 
| #include <limits.h>
| #undef argz_insert
| 
| /* Override any GCC internal prototype to avoid an error.
|    Use char because int might match the return type of a GCC
|    builtin and then its argument prototype would still apply.  */
| #ifdef __cplusplus
| extern "C"
| #endif
| char argz_insert ();
| /* The GNU C library defines this for functions which it implements
|     to always fail with ENOSYS.  Some functions are actually named
|     something starting with __ and the normal name is an alias.  */
| #if defined __stub_argz_insert || defined __stub___argz_insert
| choke me
| #endif
| 
| int
| main (void)
| {
| return argz_insert ();
|   ;
|   return 0;
| }
configure:20175: result: no
configure:20181: checking for argz_next
configure:20181: /workspace/bochs-wasm-poc/emsdk/upstream/emscripten/emcc -o conftest -O2 -s WASM=1 -s ASYNCIFY=1 -s ALLOW_MEMORY_GROWTH=1 -s TOTAL_MEMORY=31457280 -sNO_EXIT_RUNTIME=1 -sFORCE_FILESYSTEM=1 -D__GNU__   conftest.c  >&5
wasm-ld: error: /tmp/emscripten_temp_s_pq8gb8/conftest_0.o: undefined symbol: argz_next
emcc: error: '/workspace/bochs-wasm-poc/emsdk/upstream/bin/wasm-ld -o conftest.wasm /tmp/emscripten_temp_s_pq8gb8/conftest_0.o -L/workspace/bochs-wasm-poc/emsdk/upstream/emscripten/cache/sysroot/lib/wasm32-emscripten -lGL -lal -lhtml5 -lstubs -lc -ldlmalloc -lcompiler_rt -lc++-noexcept -lc++abi-noexcept -lsockets -mllvm -combiner-global-alias-analysis=false -mllvm -enable-emscripten-sjlj -mllvm -disable-lsr /tmp/tmp7bsgwnmdlibemscripten_js_symbols.so --export-if-defined=main --export-if-defined=__start_em_asm --export-if-defined=__stop_em_asm --export-if-defined=__start_em_lib_deps --export-if-defined=__stop_em_lib_deps --export-if-defined=__start_em_js --export-if-defined=__stop_em_js --export-if-defined=__main_argc_argv --export-if-defined=fflush --export=emscripten_stack_get_base --export=emscripten_stack_get_end --export=emscripten_stack_set_limits --export=stackSave --export=stackRestore --export=stackAlloc --export=__errno_location --export=__get_temp_ret --export=__set_temp_ret --export=__funcs_on_exit --export=malloc --export=free --export=__wasm_call_ctors --export-table -z stack-size=65536 --initial-memory=31457280 --no-entry --max-memory=2147483648 --global-base=1024' failed (returned 1)
configure:20181: $? = 1
configure: failed program was:
| /* confdefs.h */
| #define PACKAGE_NAME ""
| #define PACKAGE_TARNAME ""
| #define PACKAGE_VERSION ""
| #define PACKAGE_STRING ""
| #define PACKAGE_BUGREPORT ""
| #define PACKAGE_URL ""
| #define HAVE_STDIO_H 1
| #define HAVE_STDLIB_H 1
| #define HAVE_STRING_H 1
| #define HAVE_INTTYPES_H 1
| #define HAVE_STDINT_H 1
| #define HAVE_STRINGS_H 1
| #define HAVE_SYS_STAT_H 1
| #define HAVE_SYS_TYPES_H 1
| #define HAVE_UNISTD_H 1
| #define STDC_HEADERS 1
| #define HAVE_DLFCN_H 1
| #define HAVE_DIRENT_H 1
| #define LTDL_SHLIB_EXT ".so"
| #define LTDL_SYSSEARCHPATH "/lib:/usr/lib"
| #define LTDL_OBJDIR ".libs/"
| #define HAVE_LIBDL 1
| #define HAVE_DLERROR 1
| #define LTDL_DLOPEN_DEPLIBS 1
| #define error_t int
| /* end confdefs.h.  */
| /* Define argz_next to an innocuous variant, in case <limits.h> declares argz_next.
|    For example, HP-UX 11i <limits.h> declares gettimeofday.  */
| #define argz_next innocuous_argz_next
| 
| /* System header to define __stub macros and hopefully few prototypes,
|    which can conflict with char argz_next (); below.  */
| 
| #include <limits.h>
| #undef argz_next
| 
| /* Override any GCC internal prototype to avoid an error.
|    Use char because int might match the return type of a GCC
|    builtin and then its argument prototype would still apply.  */
| #ifdef __cplusplus
| extern "C"
| #endif
| char argz_next ();
| /* The GNU C library defines this for functions which it implements
|     to always fail with ENOSYS.  Some functions are actually named
|     something starting with __ and the normal name is an alias.  */
| #if defined __stub_argz_next || defined __stub___argz_next
| choke me
| #endif
| 
| int
| main (void)
| {
| return argz_next ();
|   ;
|   return 0;
| }
configure:20181: result: no
configure:20187: checking for argz_stringify
configure:20187: /workspace/bochs-wasm-poc/emsdk/upstream/emscripten/emcc -o conftest -O2 -s WASM=1 -s ASYNCIFY=1 -s ALLOW_MEMORY_GROWTH=1 -s TOTAL_MEMORY=31457280 -sNO_EXIT_RUNTIME=1 -sFORCE_FILESYSTEM=1 -D__GNU__   conftest.c  >&5
wasm-ld: error: /tmp/emscripten_temp_6n5hrttl/conftest_0.o: undefined symbol: argz_stringify
emcc: error: '/workspace/bochs-wasm-poc/emsdk/upstream/bin/wasm-ld -o conftest.wasm /tmp/emscripten_temp_6n5hrttl/conftest_0.o -L/workspace/bochs-wasm-poc/emsdk/upstream/emscripten/cache/sysroot/lib/wasm32-emscripten -lGL -lal -lhtml5 -lstubs -lc -ldlmalloc -lcompiler_rt -lc++-noexcept -lc++abi-noexcept -lsockets -mllvm -combiner-global-alias-analysis=false -mllvm -enable-emscripten-sjlj -mllvm -disable-lsr /tmp/tmpv41y_108libemscripten_js_symbols.so --export-if-defined=main --export-if-defined=__start_em_asm --export-if-defined=__stop_em_asm --export-if-defined=__start_em_lib_deps --export-if-defined=__stop_em_lib_deps --export-if-defined=__start_em_js --export-if-defined=__stop_em_js --export-if-defined=__main_argc_argv --export-if-defined=fflush --export=emscripten_stack_get_base --export=emscripten_stack_get_end --export=emscripten_stack_set_limits --export=stackSave --export=stackRestore --export=stackAlloc --export=__errno_location --export=__get_temp_ret --export=__set_temp_ret --export=__funcs_on_exit --export=malloc --export=free --export=__wasm_call_ctors --export-table -z stack-size=65536 --initial-memory=31457280 --no-entry --max-memory=2147483648 --global-base=1024' failed (returned 1)
configure:20187: $? = 1
configure: failed program was:
| /* confdefs.h */
| #define PACKAGE_NAME ""
| #define PACKAGE_TARNAME ""
| #define PACKAGE_VERSION ""
| #define PACKAGE_STRING ""
| #define PACKAGE_BUGREPORT ""
| #define PACKAGE_URL ""
| #define HAVE_STDIO_H 1
| #define HAVE_STDLIB_H 1
| #define HAVE_STRING_H 1
| #define HAVE_INTTYPES_H 1
| #define HAVE_STDINT_H 1
| #define HAVE_STRINGS_H 1
| #define HAVE_SYS_STAT_H 1
| #define HAVE_SYS_TYPES_H 1
| #define HAVE_UNISTD_H 1
| #define STDC_HEADERS 1
| #define HAVE_DLFCN_H 1
| #define HAVE_DIRENT_H 1
| #define LTDL_SHLIB_EXT ".so"
| #define LTDL_SYSSEARCHPATH "/lib:/usr/lib"
| #define LTDL_OBJDIR ".libs/"
| #define HAVE_LIBDL 1
| #define HAVE_DLERROR 1
| #define LTDL_DLOPEN_DEPLIBS 1
| #define error_t int
| /* end confdefs.h.  */
| /* Define argz_stringify to an innocuous variant, in case <limits.h> declares argz_stringify.
|    For example, HP-UX 11i <limits.h> declares gettimeofday.  */
| #define argz_stringify innocuous_argz_stringify
| 
| /* System header to define __stub macros and hopefully few prototypes,
|    which can conflict with char argz_stringify (); below.  */
| 
| #include <limits.h>
| #undef argz_stringify
| 
| /* Override any GCC internal prototype to avoid an error.
|    Use char because int might match the return type of a GCC
|    builtin and then its argument prototype would still apply.  */
| #ifdef __cplusplus
| extern "C"
| #endif
| char argz_stringify ();
| /* The GNU C library defines this for functions which it implements
|     to always fail with ENOSYS.  Some functions are actually named
|     something starting with __ and the normal name is an alias.  */
| #if defined __stub_argz_stringify || defined __stub___argz_stringify
| choke me
| #endif
| 
| int
| main (void)
| {
| return argz_stringify ();
|   ;
|   return 0;
| }
configure:20187: result: no
configure:20213: checking for assert.h
configure:20213: /workspace/bochs-wasm-poc/emsdk/upstream/emscripten/emcc -c -O2 -s WASM=1 -s ASYNCIFY=1 -s ALLOW_MEMORY_GROWTH=1 -s TOTAL_MEMORY=31457280 -sNO_EXIT_RUNTIME=1 -sFORCE_FILESYSTEM=1 -D__GNU__  conftest.c >&5
emcc: warning: linker setting ignored during compilation: 'WASM' [-Wunused-command-line-argument]
emcc: warning: linker setting ignored during compilation: 'ASYNCIFY' [-Wunused-command-line-argument]
emcc: warning: linker setting ignored during compilation: 'ALLOW_MEMORY_GROWTH' [-Wunused-command-line-argument]
emcc: warning: linker setting ignored during compilation: 'TOTAL_MEMORY' [-Wunused-command-line-argument]
emcc: warning: linker setting ignored during compilation: 'EXIT_RUNTIME' [-Wunused-command-line-argument]
emcc: warning: linker setting ignored during compilation: 'FORCE_FILESYSTEM' [-Wunused-command-line-argument]
configure:20213: $? = 0
configure:20213: result: yes
configure:20219: checking for ctype.h
configure:20219: /workspace/bochs-wasm-poc/emsdk/upstream/emscripten/emcc -c -O2 -s WASM=1 -s ASYNCIFY=1 -s ALLOW_MEMORY_GROWTH=1 -s TOTAL_MEMORY=31457280 -sNO_EXIT_RUNTIME=1 -sFORCE_FILESYSTEM=1 -D__GNU__  conftest.c >&5
emcc: warning: linker setting ignored during compilation: 'WASM' [-Wunused-command-line-argument]
emcc: warning: linker setting ignored during compilation: 'ASYNCIFY' [-Wunused-command-line-argument]
emcc: warning: linker setting ignored during compilation: 'ALLOW_MEMORY_GROWTH' [-Wunused-command-line-argument]
emcc: warning: linker setting ignored during compilation: 'TOTAL_MEMORY' [-Wunused-command-line-argument]
emcc: warning: linker setting ignored during compilation: 'EXIT_RUNTIME' [-Wunused-command-line-argument]
emcc: warning: linker setting ignored during compilation: 'FORCE_FILESYSTEM' [-Wunused-command-line-argument]
configure:20219: $? = 0
configure:20219: result: yes
configure:20225: checking for errno.h
configure:20225: /workspace/bochs-wasm-poc/emsdk/upstream/emscripten/emcc -c -O2 -s WASM=1 -s ASYNCIFY=1 -s ALLOW_MEMORY_GROWTH=1 -s TOTAL_MEMORY=31457280 -sNO_EXIT_RUNTIME=1 -sFORCE_FILESYSTEM=1 -D__GNU__  conftest.c >&5
emcc: warning: linker setting ignored during compilation: 'WASM' [-Wunused-command-line-argument]
emcc: warning: linker setting ignored during compilation: 'ASYNCIFY' [-Wunused-command-line-argument]
emcc: warning: linker setting ignored during compilation: 'ALLOW_MEMORY_GROWTH' [-Wunused-command-line-argument]
emcc: warning: linker setting ignored during compilation: 'TOTAL_MEMORY' [-Wunused-command-line-argument]
emcc: warning: linker setting ignored during compilation: 'EXIT_RUNTIME' [-Wunused-command-line-argument]
emcc: warning: linker setting ignored during compilation: 'FORCE_FILESYSTEM' [-Wunused-command-line-argument]
configure:20225: $? = 0
configure:20225: result: yes
configure:20231: checking for malloc.h
configure:20231: /workspace/bochs-wasm-poc/emsdk/upstream/emscripten/emcc -c -O2 -s WASM=1 -s ASYNCIFY=1 -s ALLOW_MEMORY_GROWTH=1 -s TOTAL_MEMORY=31457280 -sNO_EXIT_RUNTIME=1 -sFORCE_FILESYSTEM=1 -D__GNU__  conftest.c >&5
emcc: warning: linker setting ignored during compilation: 'WASM' [-Wunused-command-line-argument]
emcc: warning: linker setting ignored during compilation: 'ASYNCIFY' [-Wunused-command-line-argument]
emcc: warning: linker setting ignored during compilation: 'ALLOW_MEMORY_GROWTH' [-Wunused-command-line-argument]
emcc: warning: linker setting ignored during compilation: 'TOTAL_MEMORY' [-Wunused-command-line-argument]
emcc: warning: linker setting ignored during compilation: 'EXIT_RUNTIME' [-Wunused-command-line-argument]
emcc: warning: linker setting ignored during compilation: 'FORCE_FILESYSTEM' [-Wunused-command-line-argument]
configure:20231: $? = 0
configure:20231: result: yes
configure:20237: checking for memory.h
configure:20237: /workspace/bochs-wasm-poc/emsdk/upstream/emscripten/emcc -c -O2 -s WASM=1 -s ASYNCIFY=1 -s ALLOW_MEMORY_GROWTH=1 -s TOTAL_MEMORY=31457280 -sNO_EXIT_RUNTIME=1 -sFORCE_FILESYSTEM=1 -D__GNU__  conftest.c >&5
emcc: warning: linker setting ignored during compilation: 'WASM' [-Wunused-command-line-argument]
emcc: warning: linker setting ignored during compilation: 'ASYNCIFY' [-Wunused-command-line-argument]
emcc: warning: linker setting ignored during compilation: 'ALLOW_MEMORY_GROWTH' [-Wunused-command-line-argument]
emcc: warning: linker setting ignored during compilation: 'TOTAL_MEMORY' [-Wunused-command-line-argument]
emcc: warning: linker setting ignored during compilation: 'EXIT_RUNTIME' [-Wunused-command-line-argument]
emcc: warning: linker setting ignored during compilation: 'FORCE_FILESYSTEM' [-Wunused-command-line-argument]
configure:20237: $? = 0
configure:20237: result: yes
configure:20243: checking for stdlib.h
configure:20243: result: yes
configure:20249: checking for stdio.h
configure:20249: result: yes
configure:20255: checking for unistd.h
configure:20255: result: yes
configure:20262: checking for dl.h
configure:20262: /workspace/bochs-wasm-poc/emsdk/upstream/emscripten/emcc -c -O2 -s WASM=1 -s ASYNCIFY=1 -s ALLOW_MEMORY_GROWTH=1 -s TOTAL_MEMORY=31457280 -sNO_EXIT_RUNTIME=1 -sFORCE_FILESYSTEM=1 -D__GNU__  conftest.c >&5
emcc: warning: linker setting ignored during compilation: 'WASM' [-Wunused-command-line-argument]
emcc: warning: linker setting ignored during compilation: 'ASYNCIFY' [-Wunused-command-line-argument]
emcc: warning: linker setting ignored during compilation: 'ALLOW_MEMORY_GROWTH' [-Wunused-command-line-argument]
emcc: warning: linker setting ignored during compilation: 'TOTAL_MEMORY' [-Wunused-command-line-argument]
emcc: warning: linker setting ignored during compilation: 'EXIT_RUNTIME' [-Wunused-command-line-argument]
emcc: warning: linker setting ignored during compilation: 'FORCE_FILESYSTEM' [-Wunused-command-line-argument]
conftest.c:64:10: fatal error: 'dl.h' file not found
#include <dl.h>
         ^~~~~~
1 error generated.
emcc: error: '/workspace/bochs-wasm-poc/emsdk/upstream/bin/clang -target wasm32-unknown-emscripten -fignore-exceptions -fvisibility=default -mllvm -combiner-global-alias-analysis=false -mllvm -enable-emscripten-sjlj -mllvm -disable-lsr -DEMSCRIPTEN -Werror=implicit-function-declaration --sysroot=/workspace/bochs-wasm-poc/emsdk/upstream/emscripten/cache/sysroot -Xclang -iwithsysroot/include/fakesdl -Xclang -iwithsysroot/include/compat -c -O2 -D__GNU__ conftest.c -o conftest.o' failed (returned 1)
configure:20262: $? = 1
configure: failed program was:
| /* confdefs.h */
| #define PACKAGE_NAME ""
| #define PACKAGE_TARNAME ""
| #define PACKAGE_VERSION ""
| #define PACKAGE_STRING ""
| #define PACKAGE_BUGREPORT ""
| #define PACKAGE_URL ""
| #define HAVE_STDIO_H 1
| #define HAVE_STDLIB_H 1
| #define HAVE_STRING_H 1
| #define HAVE_INTTYPES_H 1
| #define HAVE_STDINT_H 1
| #define HAVE_STRINGS_H 1
| #define HAVE_SYS_STAT_H 1
| #define HAVE_SYS_TYPES_H 1
| #define HAVE_UNISTD_H 1
| #define STDC_HEADERS 1
| #define HAVE_DLFCN_H 1
| #define HAVE_DIRENT_H 1
| #define LTDL_SHLIB_EXT ".so"
| #define LTDL_SYSSEARCHPATH "/lib:/usr/lib"
| #define LTDL_OBJDIR ".libs/"
| #define HAVE_LIBDL 1
| #define HAVE_DLERROR 1
| #define LTDL_DLOPEN_DEPLIBS 1
| #define error_t int
| #define HAVE_ASSERT_H 1
| #define HAVE_CTYPE_H 1
| #define HAVE_ERRNO_H 1
| #define HAVE_MALLOC_H 1
| #define HAVE_MEMORY_H 1
| #define HAVE_STDLIB_H 1
| #define HAVE_STDIO_H 1
| #define HAVE_UNISTD_H 1
| /* end confdefs.h.  */
| #include <stddef.h>
| #ifdef HAVE_STDIO_H
| # include <stdio.h>
| #endif
| #ifdef HAVE_STDLIB_H
| # include <stdlib.h>
| #endif
| #ifdef HAVE_STRING_H
| # include <string.h>
| #endif
| #ifdef HAVE_INTTYPES_H
| # include <inttypes.h>
| #endif
| #ifdef HAVE_STDINT_H
| # include <stdint.h>
| #endif
| #ifdef HAVE_STRINGS_H
| # include <strings.h>
| #endif
| #ifdef HAVE_SYS_TYPES_H
| # include <sys/types.h>
| #endif
| #ifdef HAVE_SYS_STAT_H
| # include <sys/stat.h>
| #endif
| #ifdef HAVE_UNISTD_H
| # include <unistd.h>
| #endif
| #include <dl.h>
configure:20262: result: no
configure:20268: checking for sys/dl.h
configure:20268: /workspace/bochs-wasm-poc/emsdk/upstream/emscripten/emcc -c -O2 -s WASM=1 -s ASYNCIFY=1 -s ALLOW_MEMORY_GROWTH=1 -s TOTAL_MEMORY=31457280 -sNO_EXIT_RUNTIME=1 -sFORCE_FILESYSTEM=1 -D__GNU__  conftest.c >&5
emcc: warning: linker setting ignored during compilation: 'WASM' [-Wunused-command-line-argument]
emcc: warning: linker setting ignored during compilation: 'ASYNCIFY' [-Wunused-command-line-argument]
emcc: warning: linker setting ignored during compilation: 'ALLOW_MEMORY_GROWTH' [-Wunused-command-line-argument]
emcc: warning: linker setting ignored during compilation: 'TOTAL_MEMORY' [-Wunused-command-line-argument]
emcc: warning: linker setting ignored during compilation: 'EXIT_RUNTIME' [-Wunused-command-line-argument]
emcc: warning: linker setting ignored during compilation: 'FORCE_FILESYSTEM' [-Wunused-command-line-argument]
conftest.c:64:10: fatal error: 'sys/dl.h' file not found
#include <sys/dl.h>
         ^~~~~~~~~~
1 error generated.
emcc: error: '/workspace/bochs-wasm-poc/emsdk/upstream/bin/clang -target wasm32-unknown-emscripten -fignore-exceptions -fvisibility=default -mllvm -combiner-global-alias-analysis=false -mllvm -enable-emscripten-sjlj -mllvm -disable-lsr -DEMSCRIPTEN -Werror=implicit-function-declaration --sysroot=/workspace/bochs-wasm-poc/emsdk/upstream/emscripten/cache/sysroot -Xclang -iwithsysroot/include/fakesdl -Xclang -iwithsysroot/include/compat -c -O2 -D__GNU__ conftest.c -o conftest.o' failed (returned 1)
configure:20268: $? = 1
configure: failed program was:
| /* confdefs.h */
| #define PACKAGE_NAME ""
| #define PACKAGE_TARNAME ""
| #define PACKAGE_VERSION ""
| #define PACKAGE_STRING ""
| #define PACKAGE_BUGREPORT ""
| #define PACKAGE_URL ""
| #define HAVE_STDIO_H 1
| #define HAVE_STDLIB_H 1
| #define HAVE_STRING_H 1
| #define HAVE_INTTYPES_H 1
| #define HAVE_STDINT_H 1
| #define HAVE_STRINGS_H 1
| #define HAVE_SYS_STAT_H 1
| #define HAVE_SYS_TYPES_H 1
| #define HAVE_UNISTD_H 1
| #define STDC_HEADERS 1
| #define HAVE_DLFCN_H 1
| #define HAVE_DIRENT_H 1
| #define LTDL_SHLIB_EXT ".so"
| #define LTDL_SYSSEARCHPATH "/lib:/usr/lib"
| #define LTDL_OBJDIR ".libs/"
| #define HAVE_LIBDL 1
| #define HAVE_DLERROR 1
| #define LTDL_DLOPEN_DEPLIBS 1
| #define error_t int
| #define HAVE_ASSERT_H 1
| #define HAVE_CTYPE_H 1
| #define HAVE_ERRNO_H 1
| #define HAVE_MALLOC_H 1
| #define HAVE_MEMORY_H 1
| #define HAVE_STDLIB_H 1
| #define HAVE_STDIO_H 1
| #define HAVE_UNISTD_H 1
| /* end confdefs.h.  */
| #include <stddef.h>
| #ifdef HAVE_STDIO_H
| # include <stdio.h>
| #endif
| #ifdef HAVE_STDLIB_H
| # include <stdlib.h>
| #endif
| #ifdef HAVE_STRING_H
| # include <string.h>
| #endif
| #ifdef HAVE_INTTYPES_H
| # include <inttypes.h>
| #endif
| #ifdef HAVE_STDINT_H
| # include <stdint.h>
| #endif
| #ifdef HAVE_STRINGS_H
| # include <strings.h>
| #endif
| #ifdef HAVE_SYS_TYPES_H
| # include <sys/types.h>
| #endif
| #ifdef HAVE_SYS_STAT_H
| # include <sys/stat.h>
| #endif
| #ifdef HAVE_UNISTD_H
| # include <unistd.h>
| #endif
| #include <sys/dl.h>
configure:20268: result: no
configure:20274: checking for dld.h
configure:20274: /workspace/bochs-wasm-poc/emsdk/upstream/emscripten/emcc -c -O2 -s WASM=1 -s ASYNCIFY=1 -s ALLOW_MEMORY_GROWTH=1 -s TOTAL_MEMORY=31457280 -sNO_EXIT_RUNTIME=1 -sFORCE_FILESYSTEM=1 -D__GNU__  conftest.c >&5
emcc: warning: linker setting ignored during compilation: 'WASM' [-Wunused-command-line-argument]
emcc: warning: linker setting ignored during compilation: 'ASYNCIFY' [-Wunused-command-line-argument]
emcc: warning: linker setting ignored during compilation: 'ALLOW_MEMORY_GROWTH' [-Wunused-command-line-argument]
emcc: warning: linker setting ignored during compilation: 'TOTAL_MEMORY' [-Wunused-command-line-argument]
emcc: warning: linker setting ignored during compilation: 'EXIT_RUNTIME' [-Wunused-command-line-argument]
emcc: warning: linker setting ignored during compilation: 'FORCE_FILESYSTEM' [-Wunused-command-line-argument]
conftest.c:64:10: fatal error: 'dld.h' file not found
#include <dld.h>
         ^~~~~~~
1 error generated.
emcc: error: '/workspace/bochs-wasm-poc/emsdk/upstream/bin/clang -target wasm32-unknown-emscripten -fignore-exceptions -fvisibility=default -mllvm -combiner-global-alias-analysis=false -mllvm -enable-emscripten-sjlj -mllvm -disable-lsr -DEMSCRIPTEN -Werror=implicit-function-declaration --sysroot=/workspace/bochs-wasm-poc/emsdk/upstream/emscripten/cache/sysroot -Xclang -iwithsysroot/include/fakesdl -Xclang -iwithsysroot/include/compat -c -O2 -D__GNU__ conftest.c -o conftest.o' failed (returned 1)
configure:20274: $? = 1
configure: failed program was:
| /* confdefs.h */
| #define PACKAGE_NAME ""
| #define PACKAGE_TARNAME ""
| #define PACKAGE_VERSION ""
| #define PACKAGE_STRING ""
| #define PACKAGE_BUGREPORT ""
| #define PACKAGE_URL ""
| #define HAVE_STDIO_H 1
| #define HAVE_STDLIB_H 1
| #define HAVE_STRING_H 1
| #define HAVE_INTTYPES_H 1
| #define HAVE_STDINT_H 1
| #define HAVE_STRINGS_H 1
| #define HAVE_SYS_STAT_H 1
| #define HAVE_SYS_TYPES_H 1
| #define HAVE_UNISTD_H 1
| #define STDC_HEADERS 1
| #define HAVE_DLFCN_H 1
| #define HAVE_DIRENT_H 1
| #define LTDL_SHLIB_EXT ".so"
| #define LTDL_SYSSEARCHPATH "/lib:/usr/lib"
| #define LTDL_OBJDIR ".libs/"
| #define HAVE_LIBDL 1
| #define HAVE_DLERROR 1
| #define LTDL_DLOPEN_DEPLIBS 1
| #define error_t int
| #define HAVE_ASSERT_H 1
| #define HAVE_CTYPE_H 1
| #define HAVE_ERRNO_H 1
| #define HAVE_MALLOC_H 1
| #define HAVE_MEMORY_H 1
| #define HAVE_STDLIB_H 1
| #define HAVE_STDIO_H 1
| #define HAVE_UNISTD_H 1
| /* end confdefs.h.  */
| #include <stddef.h>
| #ifdef HAVE_STDIO_H
| # include <stdio.h>
| #endif
| #ifdef HAVE_STDLIB_H
| # include <stdlib.h>
| #endif
| #ifdef HAVE_STRING_H
| # include <string.h>
| #endif
| #ifdef HAVE_INTTYPES_H
| # include <inttypes.h>
| #endif
| #ifdef HAVE_STDINT_H
| # include <stdint.h>
| #endif
| #ifdef HAVE_STRINGS_H
| # include <strings.h>
| #endif
| #ifdef HAVE_SYS_TYPES_H
| # include <sys/types.h>
| #endif
| #ifdef HAVE_SYS_STAT_H
| # include <sys/stat.h>
| #endif
| #ifdef HAVE_UNISTD_H
| # include <unistd.h>
| #endif
| #include <dld.h>
configure:20274: result: no
configure:20280: checking for mach-o/dyld.h
configure:20280: /workspace/bochs-wasm-poc/emsdk/upstream/emscripten/emcc -c -O2 -s WASM=1 -s ASYNCIFY=1 -s ALLOW_MEMORY_GROWTH=1 -s TOTAL_MEMORY=31457280 -sNO_EXIT_RUNTIME=1 -sFORCE_FILESYSTEM=1 -D__GNU__  conftest.c >&5
emcc: warning: linker setting ignored during compilation: 'WASM' [-Wunused-command-line-argument]
emcc: warning: linker setting ignored during compilation: 'ASYNCIFY' [-Wunused-command-line-argument]
emcc: warning: linker setting ignored during compilation: 'ALLOW_MEMORY_GROWTH' [-Wunused-command-line-argument]
emcc: warning: linker setting ignored during compilation: 'TOTAL_MEMORY' [-Wunused-command-line-argument]
emcc: warning: linker setting ignored during compilation: 'EXIT_RUNTIME' [-Wunused-command-line-argument]
emcc: warning: linker setting ignored during compilation: 'FORCE_FILESYSTEM' [-Wunused-command-line-argument]
conftest.c:64:10: fatal error: 'mach-o/dyld.h' file not found
#include <mach-o/dyld.h>
         ^~~~~~~~~~~~~~~
1 error generated.
emcc: error: '/workspace/bochs-wasm-poc/emsdk/upstream/bin/clang -target wasm32-unknown-emscripten -fignore-exceptions -fvisibility=default -mllvm -combiner-global-alias-analysis=false -mllvm -enable-emscripten-sjlj -mllvm -disable-lsr -DEMSCRIPTEN -Werror=implicit-function-declaration --sysroot=/workspace/bochs-wasm-poc/emsdk/upstream/emscripten/cache/sysroot -Xclang -iwithsysroot/include/fakesdl -Xclang -iwithsysroot/include/compat -c -O2 -D__GNU__ conftest.c -o conftest.o' failed (returned 1)
configure:20280: $? = 1
configure: failed program was:
| /* confdefs.h */
| #define PACKAGE_NAME ""
| #define PACKAGE_TARNAME ""
| #define PACKAGE_VERSION ""
| #define PACKAGE_STRING ""
| #define PACKAGE_BUGREPORT ""
| #define PACKAGE_URL ""
| #define HAVE_STDIO_H 1
| #define HAVE_STDLIB_H 1
| #define HAVE_STRING_H 1
| #define HAVE_INTTYPES_H 1
| #define HAVE_STDINT_H 1
| #define HAVE_STRINGS_H 1
| #define HAVE_SYS_STAT_H 1
| #define HAVE_SYS_TYPES_H 1
| #define HAVE_UNISTD_H 1
| #define STDC_HEADERS 1
| #define HAVE_DLFCN_H 1
| #define HAVE_DIRENT_H 1
| #define LTDL_SHLIB_EXT ".so"
| #define LTDL_SYSSEARCHPATH "/lib:/usr/lib"
| #define LTDL_OBJDIR ".libs/"
| #define HAVE_LIBDL 1
| #define HAVE_DLERROR 1
| #define LTDL_DLOPEN_DEPLIBS 1
| #define error_t int
| #define HAVE_ASSERT_H 1
| #define HAVE_CTYPE_H 1
| #define HAVE_ERRNO_H 1
| #define HAVE_MALLOC_H 1
| #define HAVE_MEMORY_H 1
| #define HAVE_STDLIB_H 1
| #define HAVE_STDIO_H 1
| #define HAVE_UNISTD_H 1
| /* end confdefs.h.  */
| #include <stddef.h>
| #ifdef HAVE_STDIO_H
| # include <stdio.h>
| #endif
| #ifdef HAVE_STDLIB_H
| # include <stdlib.h>
| #endif
| #ifdef HAVE_STRING_H
| # include <string.h>
| #endif
| #ifdef HAVE_INTTYPES_H
| # include <inttypes.h>
| #endif
| #ifdef HAVE_STDINT_H
| # include <stdint.h>
| #endif
| #ifdef HAVE_STRINGS_H
| # include <strings.h>
| #endif
| #ifdef HAVE_SYS_TYPES_H
| # include <sys/types.h>
| #endif
| #ifdef HAVE_SYS_STAT_H
| # include <sys/stat.h>
| #endif
| #ifdef HAVE_UNISTD_H
| # include <unistd.h>
| #endif
| #include <mach-o/dyld.h>
configure:20280: result: no
configure:20290: checking for string.h
configure:20290: result: yes
configure:20305: checking for strchr
configure:20305: /workspace/bochs-wasm-poc/emsdk/upstream/emscripten/emcc -o conftest -O2 -s WASM=1 -s ASYNCIFY=1 -s ALLOW_MEMORY_GROWTH=1 -s TOTAL_MEMORY=31457280 -sNO_EXIT_RUNTIME=1 -sFORCE_FILESYSTEM=1 -D__GNU__   conftest.c  >&5
conftest.c:53:6: warning: incompatible redeclaration of library function 'strchr' [-Wincompatible-library-redeclaration]
char strchr ();
     ^
conftest.c:53:6: note: 'strchr' is a builtin with type 'char *(const char *, int)'
1 warning generated.
wasm-ld: warning: function signature mismatch: strchr
>>> defined as () -> i32 in /tmp/emscripten_temp_edjcym14/conftest_0.o
>>> defined as (i32, i32) -> i32 in /workspace/bochs-wasm-poc/emsdk/upstream/emscripten/cache/sysroot/lib/wasm32-emscripten/libc.a(strchr.o)
configure:20305: $? = 0
configure:20305: result: yes
configure:20319: checking for strrchr
configure:20319: /workspace/bochs-wasm-poc/emsdk/upstream/emscripten/emcc -o conftest -O2 -s WASM=1 -s ASYNCIFY=1 -s ALLOW_MEMORY_GROWTH=1 -s TOTAL_MEMORY=31457280 -sNO_EXIT_RUNTIME=1 -sFORCE_FILESYSTEM=1 -D__GNU__   conftest.c  >&5
conftest.c:54:6: warning: incompatible redeclaration of library function 'strrchr' [-Wincompatible-library-redeclaration]
char strrchr ();
     ^
conftest.c:54:6: note: 'strrchr' is a builtin with type 'char *(const char *, int)'
1 warning generated.
wasm-ld: warning: function signature mismatch: strrchr
>>> defined as () -> i32 in /tmp/emscripten_temp_ujl2q3dj/conftest_0.o
>>> defined as (i32, i32) -> i32 in /workspace/bochs-wasm-poc/emsdk/upstream/emscripten/cache/sysroot/lib/wasm32-emscripten/libc.a(strrchr.o)
configure:20319: $? = 0
configure:20319: result: yes
configure:20333: checking for memcpy
configure:20333: /workspace/bochs-wasm-poc/emsdk/upstream/emscripten/emcc -o conftest -O2 -s WASM=1 -s ASYNCIFY=1 -s ALLOW_MEMORY_GROWTH=1 -s TOTAL_MEMORY=31457280 -sNO_EXIT_RUNTIME=1 -sFORCE_FILESYSTEM=1 -D__GNU__   conftest.c  >&5
conftest.c:55:6: warning: incompatible redeclaration of library function 'memcpy' [-Wincompatible-library-redeclaration]
char memcpy ();
     ^
conftest.c:55:6: note: 'memcpy' is a builtin with type 'void *(void *, const void *, unsigned long)'
1 warning generated.
wasm-ld: warning: function signature mismatch: memcpy
>>> defined as () -> i32 in /tmp/emscripten_temp_0yvgha23/conftest_0.o
>>> defined as (i32, i32, i32) -> i32 in /workspace/bochs-wasm-poc/emsdk/upstream/emscripten/cache/sysroot/lib/wasm32-emscripten/libc.a(emscripten_memcpy.o)
configure:20333: $? = 0
configure:20333: result: yes
configure:20343: checking for memmove
configure:20343: /workspace/bochs-wasm-poc/emsdk/upstream/emscripten/emcc -o conftest -O2 -s WASM=1 -s ASYNCIFY=1 -s ALLOW_MEMORY_GROWTH=1 -s TOTAL_MEMORY=31457280 -sNO_EXIT_RUNTIME=1 -sFORCE_FILESYSTEM=1 -D__GNU__   conftest.c  >&5
conftest.c:56:6: warning: incompatible redeclaration of library function 'memmove' [-Wincompatible-library-redeclaration]
char memmove ();
     ^
conftest.c:56:6: note: 'memmove' is a builtin with type 'void *(void *, const void *, unsigned long)'
1 warning generated.
wasm-ld: warning: function signature mismatch: memmove
>>> defined as () -> i32 in /tmp/emscripten_temp_iq121slk/conftest_0.o
>>> defined as (i32, i32, i32) -> i32 in /workspace/bochs-wasm-poc/emsdk/upstream/emscripten/cache/sysroot/lib/wasm32-emscripten/libc.a(emscripten_memmove.o)
configure:20343: $? = 0
configure:20343: result: yes
configure:20349: checking for strcmp
configure:20349: /workspace/bochs-wasm-poc/emsdk/upstream/emscripten/emcc -o conftest -O2 -s WASM=1 -s ASYNCIFY=1 -s ALLOW_MEMORY_GROWTH=1 -s TOTAL_MEMORY=31457280 -sNO_EXIT_RUNTIME=1 -sFORCE_FILESYSTEM=1 -D__GNU__   conftest.c  >&5
conftest.c:57:6: warning: incompatible redeclaration of library function 'strcmp' [-Wincompatible-library-redeclaration]
char strcmp ();
     ^
conftest.c:57:6: note: 'strcmp' is a builtin with type 'int (const char *, const char *)'
1 warning generated.
wasm-ld: warning: function signature mismatch: strcmp
>>> defined as () -> i32 in /tmp/emscripten_temp_pdv6ayzt/conftest_0.o
>>> defined as (i32, i32) -> i32 in /workspace/bochs-wasm-poc/emsdk/upstream/emscripten/cache/sysroot/lib/wasm32-emscripten/libc.a(strcmp.o)
configure:20349: $? = 0
configure:20349: result: yes
configure:20356: checking for closedir
configure:20356: /workspace/bochs-wasm-poc/emsdk/upstream/emscripten/emcc -o conftest -O2 -s WASM=1 -s ASYNCIFY=1 -s ALLOW_MEMORY_GROWTH=1 -s TOTAL_MEMORY=31457280 -sNO_EXIT_RUNTIME=1 -sFORCE_FILESYSTEM=1 -D__GNU__   conftest.c  >&5
wasm-ld: warning: function signature mismatch: closedir
>>> defined as () -> i32 in /tmp/emscripten_temp_w00wf45k/conftest_0.o
>>> defined as (i32) -> i32 in /workspace/bochs-wasm-poc/emsdk/upstream/emscripten/cache/sysroot/lib/wasm32-emscripten/libc.a(closedir.o)
configure:20356: $? = 0
configure:20356: result: yes
configure:20362: checking for opendir
configure:20362: /workspace/bochs-wasm-poc/emsdk/upstream/emscripten/emcc -o conftest -O2 -s WASM=1 -s ASYNCIFY=1 -s ALLOW_MEMORY_GROWTH=1 -s TOTAL_MEMORY=31457280 -sNO_EXIT_RUNTIME=1 -sFORCE_FILESYSTEM=1 -D__GNU__   conftest.c  >&5
wasm-ld: warning: function signature mismatch: opendir
>>> defined as () -> i32 in /tmp/emscripten_temp_50cr56_1/conftest_0.o
>>> defined as (i32) -> i32 in /workspace/bochs-wasm-poc/emsdk/upstream/emscripten/cache/sysroot/lib/wasm32-emscripten/libc.a(opendir.o)
configure:20362: $? = 0
configure:20362: result: yes
configure:20368: checking for readdir
configure:20368: /workspace/bochs-wasm-poc/emsdk/upstream/emscripten/emcc -o conftest -O2 -s WASM=1 -s ASYNCIFY=1 -s ALLOW_MEMORY_GROWTH=1 -s TOTAL_MEMORY=31457280 -sNO_EXIT_RUNTIME=1 -sFORCE_FILESYSTEM=1 -D__GNU__   conftest.c  >&5
wasm-ld: warning: function signature mismatch: readdir
>>> defined as () -> i32 in /tmp/emscripten_temp_812mci15/conftest_0.o
>>> defined as (i32) -> i32 in /workspace/bochs-wasm-poc/emsdk/upstream/emscripten/cache/sysroot/lib/wasm32-emscripten/libc.a(readdir.o)
configure:20368: $? = 0
configure:20368: result: yes
configure:20382: checking for pkg-config
configure:20418: result: not_found
configure:20432: checking how to run the C preprocessor
configure:20458: /workspace/bochs-wasm-poc/emsdk/upstream/emscripten/emcc -E  conftest.c
configure:20458: $? = 0
configure:20473: /workspace/bochs-wasm-poc/emsdk/upstream/emscripten/emcc -E  conftest.c
conftest.c:45:10: fatal error: 'ac_nonexistent.h' file not found
#include <ac_nonexistent.h>
         ^~~~~~~~~~~~~~~~~~
1 error generated.
emcc: error: '/workspace/bochs-wasm-poc/emsdk/upstream/bin/clang -target wasm32-unknown-emscripten -fignore-exceptions -fvisibility=default -mllvm -combiner-global-alias-analysis=false -mllvm -enable-emscripten-sjlj -mllvm -disable-lsr -DEMSCRIPTEN -Werror=implicit-function-declaration --sysroot=/workspace/bochs-wasm-poc/emsdk/upstream/emscripten/cache/sysroot -Xclang -iwithsysroot/include/fakesdl -Xclang -iwithsysroot/include/compat -E conftest.c' failed (returned 1)
configure:20473: $? = 1
configure: failed program was:
| /* confdefs.h */
| #define PACKAGE_NAME ""
| #define PACKAGE_TARNAME ""
| #define PACKAGE_VERSION ""
| #define PACKAGE_STRING ""
| #define PACKAGE_BUGREPORT ""
| #define PACKAGE_URL ""
| #define HAVE_STDIO_H 1
| #define HAVE_STDLIB_H 1
| #define HAVE_STRING_H 1
| #define HAVE_INTTYPES_H 1
| #define HAVE_STDINT_H 1
| #define HAVE_STRINGS_H 1
| #define HAVE_SYS_STAT_H 1
| #define HAVE_SYS_TYPES_H 1
| #define HAVE_UNISTD_H 1
| #define STDC_HEADERS 1
| #define HAVE_DLFCN_H 1
| #define HAVE_DIRENT_H 1
| #define LTDL_SHLIB_EXT ".so"
| #define LTDL_SYSSEARCHPATH "/lib:/usr/lib"
| #define LTDL_OBJDIR ".libs/"
| #define HAVE_LIBDL 1
| #define HAVE_DLERROR 1
| #define LTDL_DLOPEN_DEPLIBS 1
| #define error_t int
| #define HAVE_ASSERT_H 1
| #define HAVE_CTYPE_H 1
| #define HAVE_ERRNO_H 1
| #define HAVE_MALLOC_H 1
| #define HAVE_MEMORY_H 1
| #define HAVE_STDLIB_H 1
| #define HAVE_STDIO_H 1
| #define HAVE_UNISTD_H 1
| #define HAVE_STRING_H 1
| #define HAVE_STRCHR 1
| #define HAVE_STRRCHR 1
| #define HAVE_MEMCPY 1
| #define HAVE_MEMMOVE 1
| #define HAVE_STRCMP 1
| #define HAVE_CLOSEDIR 1
| #define HAVE_OPENDIR 1
| #define HAVE_READDIR 1
| /* end confdefs.h.  */
| #include <ac_nonexistent.h>
configure:20500: result: /workspace/bochs-wasm-poc/emsdk/upstream/emscripten/emcc -E
configure:20514: /workspace/bochs-wasm-poc/emsdk/upstream/emscripten/emcc -E  conftest.c
configure:20514: $? = 0
configure:20529: /workspace/bochs-wasm-poc/emsdk/upstream/emscripten/emcc -E  conftest.c
conftest.c:45:10: fatal error: 'ac_nonexistent.h' file not found
#include <ac_nonexistent.h>
         ^~~~~~~~~~~~~~~~~~
1 error generated.
emcc: error: '/workspace/bochs-wasm-poc/emsdk/upstream/bin/clang -target wasm32-unknown-emscripten -fignore-exceptions -fvisibility=default -mllvm -combiner-global-alias-analysis=false -mllvm -enable-emscripten-sjlj -mllvm -disable-lsr -DEMSCRIPTEN -Werror=implicit-function-declaration --sysroot=/workspace/bochs-wasm-poc/emsdk/upstream/emscripten/cache/sysroot -Xclang -iwithsysroot/include/fakesdl -Xclang -iwithsysroot/include/compat -E conftest.c' failed (returned 1)
configure:20529: $? = 1
configure: failed program was:
| /* confdefs.h */
| #define PACKAGE_NAME ""
| #define PACKAGE_TARNAME ""
| #define PACKAGE_VERSION ""
| #define PACKAGE_STRING ""
| #define PACKAGE_BUGREPORT ""
| #define PACKAGE_URL ""
| #define HAVE_STDIO_H 1
| #define HAVE_STDLIB_H 1
| #define HAVE_STRING_H 1
| #define HAVE_INTTYPES_H 1
| #define HAVE_STDINT_H 1
| #define HAVE_STRINGS_H 1
| #define HAVE_SYS_STAT_H 1
| #define HAVE_SYS_TYPES_H 1
| #define HAVE_UNISTD_H 1
| #define STDC_HEADERS 1
| #define HAVE_DLFCN_H 1
| #define HAVE_DIRENT_H 1
| #define LTDL_SHLIB_EXT ".so"
| #define LTDL_SYSSEARCHPATH "/lib:/usr/lib"
| #define LTDL_OBJDIR ".libs/"
| #define HAVE_LIBDL 1
| #define HAVE_DLERROR 1
| #define LTDL_DLOPEN_DEPLIBS 1
| #define error_t int
| #define HAVE_ASSERT_H 1
| #define HAVE_CTYPE_H 1
| #define HAVE_ERRNO_H 1
| #define HAVE_MALLOC_H 1
| #define HAVE_MEMORY_H 1
| #define HAVE_STDLIB_H 1
| #define HAVE_STDIO_H 1
| #define HAVE_UNISTD_H 1
| #define HAVE_STRING_H 1
| #define HAVE_STRCHR 1
| #define HAVE_STRRCHR 1
| #define HAVE_MEMCPY 1
| #define HAVE_MEMMOVE 1
| #define HAVE_STRCMP 1
| #define HAVE_CLOSEDIR 1
| #define HAVE_OPENDIR 1
| #define HAVE_READDIR 1
| /* end confdefs.h.  */
| #include <ac_nonexistent.h>
configure:20560: checking for X
configure:20598: /workspace/bochs-wasm-poc/emsdk/upstream/emscripten/emcc -o conftest -O2 -s WASM=1 -s ASYNCIFY=1 -s ALLOW_MEMORY_GROWTH=1 -s TOTAL_MEMORY=31457280 -sNO_EXIT_RUNTIME=1 -sFORCE_FILESYSTEM=1 -D__GNU__   conftest.c -lX11  >&5
cache:INFO: generating system asset: symbol_lists/1a1592342c56959babbab0d71007247578215ca5.json... (this will be cached in "/workspace/bochs-wasm-poc/emsdk/upstream/emscripten/cache/symbol_lists/1a1592342c56959babbab0d71007247578215ca5.json" for subsequent builds)
cache:INFO:  - ok
wasm-ld: error: /tmp/emscripten_temp__c0qsjp8/conftest_0.o: undefined symbol: XrmInitialize
emcc: error: '/workspace/bochs-wasm-poc/emsdk/upstream/bin/wasm-ld -o conftest.wasm /tmp/emscripten_temp__c0qsjp8/conftest_0.o -L/workspace/bochs-wasm-poc/emsdk/upstream/emscripten/cache/sysroot/lib/wasm32-emscripten -lGL -lal -lhtml5 -lstubs -lc -ldlmalloc -lcompiler_rt -lc++-noexcept -lc++abi-noexcept -lsockets -mllvm -combiner-global-alias-analysis=false -mllvm -enable-emscripten-sjlj -mllvm -disable-lsr /tmp/tmp_d0jc2vilibemscripten_js_symbols.so --export-if-defined=main --export-if-defined=__start_em_asm --export-if-defined=__stop_em_asm --export-if-defined=__start_em_lib_deps --export-if-defined=__stop_em_lib_deps --export-if-defined=__start_em_js --export-if-defined=__stop_em_js --export-if-defined=__main_argc_argv --export-if-defined=fflush --export=emscripten_stack_get_base --export=emscripten_stack_get_end --export=emscripten_stack_set_limits --export=stackSave --export=stackRestore --export=stackAlloc --export=__errno_location --export=__get_temp_ret --export=__set_temp_ret --export=__funcs_on_exit --export=malloc --export=free --export=__wasm_call_ctors --export-table -z stack-size=65536 --initial-memory=31457280 --no-entry --max-memory=2147483648 --global-base=1024' failed (returned 1)
configure:20598: $? = 1
configure: failed program was:
| /* confdefs.h */
| #define PACKAGE_NAME ""
| #define PACKAGE_TARNAME ""
| #define PACKAGE_VERSION ""
| #define PACKAGE_STRING ""
| #define PACKAGE_BUGREPORT ""
| #define PACKAGE_URL ""
| #define HAVE_STDIO_H 1
| #define HAVE_STDLIB_H 1
| #define HAVE_STRING_H 1
| #define HAVE_INTTYPES_H 1
| #define HAVE_STDINT_H 1
| #define HAVE_STRINGS_H 1
| #define HAVE_SYS_STAT_H 1
| #define HAVE_SYS_TYPES_H 1
| #define HAVE_UNISTD_H 1
| #define STDC_HEADERS 1
| #define HAVE_DLFCN_H 1
| #define HAVE_DIRENT_H 1
| #define LTDL_SHLIB_EXT ".so"
| #define LTDL_SYSSEARCHPATH "/lib:/usr/lib"
| #define LTDL_OBJDIR ".libs/"
| #define HAVE_LIBDL 1
| #define HAVE_DLERROR 1
| #define LTDL_DLOPEN_DEPLIBS 1
| #define error_t int
| #define HAVE_ASSERT_H 1
| #define HAVE_CTYPE_H 1
| #define HAVE_ERRNO_H 1
| #define HAVE_MALLOC_H 1
| #define HAVE_MEMORY_H 1
| #define HAVE_STDLIB_H 1
| #define HAVE_STDIO_H 1
| #define HAVE_UNISTD_H 1
| #define HAVE_STRING_H 1
| #define HAVE_STRCHR 1
| #define HAVE_STRRCHR 1
| #define HAVE_MEMCPY 1
| #define HAVE_MEMMOVE 1
| #define HAVE_STRCMP 1
| #define HAVE_CLOSEDIR 1
| #define HAVE_OPENDIR 1
| #define HAVE_READDIR 1
| /* end confdefs.h.  */
| #include <X11/Xlib.h>
| int
| main (void)
| {
| XrmInitialize ()
|   ;
|   return 0;
| }
configure:20700: /workspace/bochs-wasm-poc/emsdk/upstream/emscripten/emcc -E  conftest.c
configure:20700: $? = 0
configure:20732: /workspace/bochs-wasm-poc/emsdk/upstream/emscripten/emcc -o conftest -O2 -s WASM=1 -s ASYNCIFY=1 -s ALLOW_MEMORY_GROWTH=1 -s TOTAL_MEMORY=31457280 -sNO_EXIT_RUNTIME=1 -sFORCE_FILESYSTEM=1 -D__GNU__   conftest.c -lX11  >&5
wasm-ld: error: /tmp/emscripten_temp_619h95dc/conftest_0.o: undefined symbol: XrmInitialize
emcc: error: '/workspace/bochs-wasm-poc/emsdk/upstream/bin/wasm-ld -o conftest.wasm /tmp/emscripten_temp_619h95dc/conftest_0.o -L/workspace/bochs-wasm-poc/emsdk/upstream/emscripten/cache/sysroot/lib/wasm32-emscripten -lGL -lal -lhtml5 -lstubs -lc -ldlmalloc -lcompiler_rt -lc++-noexcept -lc++abi-noexcept -lsockets -mllvm -combiner-global-alias-analysis=false -mllvm -enable-emscripten-sjlj -mllvm -disable-lsr /tmp/tmp2n58uacvlibemscripten_js_symbols.so --export-if-defined=main --export-if-defined=__start_em_asm --export-if-defined=__stop_em_asm --export-if-defined=__start_em_lib_deps --export-if-defined=__stop_em_lib_deps --export-if-defined=__start_em_js --export-if-defined=__stop_em_js --export-if-defined=__main_argc_argv --export-if-defined=fflush --export=emscripten_stack_get_base --export=emscripten_stack_get_end --export=emscripten_stack_set_limits --export=stackSave --export=stackRestore --export=stackAlloc --export=__errno_location --export=__get_temp_ret --export=__set_temp_ret --export=__funcs_on_exit --export=malloc --export=free --export=__wasm_call_ctors --export-table -z stack-size=65536 --initial-memory=31457280 --no-entry --max-memory=2147483648 --global-base=1024' failed (returned 1)
configure:20732: $? = 1
configure: failed program was:
| /* confdefs.h */
| #define PACKAGE_NAME ""
| #define PACKAGE_TARNAME ""
| #define PACKAGE_VERSION ""
| #define PACKAGE_STRING ""
| #define PACKAGE_BUGREPORT ""
| #define PACKAGE_URL ""
| #define HAVE_STDIO_H 1
| #define HAVE_STDLIB_H 1
| #define HAVE_STRING_H 1
| #define HAVE_INTTYPES_H 1
| #define HAVE_STDINT_H 1
| #define HAVE_STRINGS_H 1
| #define HAVE_SYS_STAT_H 1
| #define HAVE_SYS_TYPES_H 1
| #define HAVE_UNISTD_H 1
| #define STDC_HEADERS 1
| #define HAVE_DLFCN_H 1
| #define HAVE_DIRENT_H 1
| #define LTDL_SHLIB_EXT ".so"
| #define LTDL_SYSSEARCHPATH "/lib:/usr/lib"
| #define LTDL_OBJDIR ".libs/"
| #define HAVE_LIBDL 1
| #define HAVE_DLERROR 1
| #define LTDL_DLOPEN_DEPLIBS 1
| #define error_t int
| #define HAVE_ASSERT_H 1
| #define HAVE_CTYPE_H 1
| #define HAVE_ERRNO_H 1
| #define HAVE_MALLOC_H 1
| #define HAVE_MEMORY_H 1
| #define HAVE_STDLIB_H 1
| #define HAVE_STDIO_H 1
| #define HAVE_UNISTD_H 1
| #define HAVE_STRING_H 1
| #define HAVE_STRCHR 1
| #define HAVE_STRRCHR 1
| #define HAVE_MEMCPY 1
| #define HAVE_MEMMOVE 1
| #define HAVE_STRCMP 1
| #define HAVE_CLOSEDIR 1
| #define HAVE_OPENDIR 1
| #define HAVE_READDIR 1
| /* end confdefs.h.  */
| #include <X11/Xlib.h>
| int
| main (void)
| {
| XrmInitialize ()
|   ;
|   return 0;
| }
configure:20774: result: no
configure:21285: checking whether byte ordering is bigendian
configure:21301: /workspace/bochs-wasm-poc/emsdk/upstream/emscripten/emcc -c -O2 -s WASM=1 -s ASYNCIFY=1 -s ALLOW_MEMORY_GROWTH=1 -s TOTAL_MEMORY=31457280 -sNO_EXIT_RUNTIME=1 -sFORCE_FILESYSTEM=1 -D__GNU__  conftest.c >&5
emcc: warning: linker setting ignored during compilation: 'WASM' [-Wunused-command-line-argument]
emcc: warning: linker setting ignored during compilation: 'ASYNCIFY' [-Wunused-command-line-argument]
emcc: warning: linker setting ignored during compilation: 'ALLOW_MEMORY_GROWTH' [-Wunused-command-line-argument]
emcc: warning: linker setting ignored during compilation: 'TOTAL_MEMORY' [-Wunused-command-line-argument]
emcc: warning: linker setting ignored during compilation: 'EXIT_RUNTIME' [-Wunused-command-line-argument]
emcc: warning: linker setting ignored during compilation: 'FORCE_FILESYSTEM' [-Wunused-command-line-argument]
conftest.c:47:9: error: unknown type name 'not'
               not a universal capable compiler
               ^
conftest.c:47:14: error: expected ';' after top level declarator
               not a universal capable compiler
                    ^
                    ;
2 errors generated.
emcc: error: '/workspace/bochs-wasm-poc/emsdk/upstream/bin/clang -target wasm32-unknown-emscripten -fignore-exceptions -fvisibility=default -mllvm -combiner-global-alias-analysis=false -mllvm -enable-emscripten-sjlj -mllvm -disable-lsr -DEMSCRIPTEN -Werror=implicit-function-declaration --sysroot=/workspace/bochs-wasm-poc/emsdk/upstream/emscripten/cache/sysroot -Xclang -iwithsysroot/include/fakesdl -Xclang -iwithsysroot/include/compat -c -O2 -D__GNU__ conftest.c -o conftest.o' failed (returned 1)
configure:21301: $? = 1
configure: failed program was:
| /* confdefs.h */
| #define PACKAGE_NAME ""
| #define PACKAGE_TARNAME ""
| #define PACKAGE_VERSION ""
| #define PACKAGE_STRING ""
| #define PACKAGE_BUGREPORT ""
| #define PACKAGE_URL ""
| #define HAVE_STDIO_H 1
| #define HAVE_STDLIB_H 1
| #define HAVE_STRING_H 1
| #define HAVE_INTTYPES_H 1
| #define HAVE_STDINT_H 1
| #define HAVE_STRINGS_H 1
| #define HAVE_SYS_STAT_H 1
| #define HAVE_SYS_TYPES_H 1
| #define HAVE_UNISTD_H 1
| #define STDC_HEADERS 1
| #define HAVE_DLFCN_H 1
| #define HAVE_DIRENT_H 1
| #define LTDL_SHLIB_EXT ".so"
| #define LTDL_SYSSEARCHPATH "/lib:/usr/lib"
| #define LTDL_OBJDIR ".libs/"
| #define HAVE_LIBDL 1
| #define HAVE_DLERROR 1
| #define LTDL_DLOPEN_DEPLIBS 1
| #define error_t int
| #define HAVE_ASSERT_H 1
| #define HAVE_CTYPE_H 1
| #define HAVE_ERRNO_H 1
| #define HAVE_MALLOC_H 1
| #define HAVE_MEMORY_H 1
| #define HAVE_STDLIB_H 1
| #define HAVE_STDIO_H 1
| #define HAVE_UNISTD_H 1
| #define HAVE_STRING_H 1
| #define HAVE_STRCHR 1
| #define HAVE_STRRCHR 1
| #define HAVE_MEMCPY 1
| #define HAVE_MEMMOVE 1
| #define HAVE_STRCMP 1
| #define HAVE_CLOSEDIR 1
| #define HAVE_OPENDIR 1
| #define HAVE_READDIR 1
| #define X_DISPLAY_MISSING 1
| /* end confdefs.h.  */
| #ifndef __APPLE_CC__
| 	       not a universal capable compiler
| 	     #endif
| 	     typedef int dummy;
| 
configure:21347: /workspace/bochs-wasm-poc/emsdk/upstream/emscripten/emcc -c -O2 -s WASM=1 -s ASYNCIFY=1 -s ALLOW_MEMORY_GROWTH=1 -s TOTAL_MEMORY=31457280 -sNO_EXIT_RUNTIME=1 -sFORCE_FILESYSTEM=1 -D__GNU__  conftest.c >&5
emcc: warning: linker setting ignored during compilation: 'WASM' [-Wunused-command-line-argument]
emcc: warning: linker setting ignored during compilation: 'ASYNCIFY' [-Wunused-command-line-argument]
emcc: warning: linker setting ignored during compilation: 'ALLOW_MEMORY_GROWTH' [-Wunused-command-line-argument]
emcc: warning: linker setting ignored during compilation: 'TOTAL_MEMORY' [-Wunused-command-line-argument]
emcc: warning: linker setting ignored during compilation: 'EXIT_RUNTIME' [-Wunused-command-line-argument]
emcc: warning: linker setting ignored during compilation: 'FORCE_FILESYSTEM' [-Wunused-command-line-argument]
configure:21347: $? = 0
configure:21366: /workspace/bochs-wasm-poc/emsdk/upstream/emscripten/emcc -c -O2 -s WASM=1 -s ASYNCIFY=1 -s ALLOW_MEMORY_GROWTH=1 -s TOTAL_MEMORY=31457280 -sNO_EXIT_RUNTIME=1 -sFORCE_FILESYSTEM=1 -D__GNU__  conftest.c >&5
emcc: warning: linker setting ignored during compilation: 'WASM' [-Wunused-command-line-argument]
emcc: warning: linker setting ignored during compilation: 'ASYNCIFY' [-Wunused-command-line-argument]
emcc: warning: linker setting ignored during compilation: 'ALLOW_MEMORY_GROWTH' [-Wunused-command-line-argument]
emcc: warning: linker setting ignored during compilation: 'TOTAL_MEMORY' [-Wunused-command-line-argument]
emcc: warning: linker setting ignored during compilation: 'EXIT_RUNTIME' [-Wunused-command-line-argument]
emcc: warning: linker setting ignored during compilation: 'FORCE_FILESYSTEM' [-Wunused-command-line-argument]
conftest.c:53:4: error: use of undeclared identifier 'not'
                 not big endian
                 ^
1 error generated.
emcc: error: '/workspace/bochs-wasm-poc/emsdk/upstream/bin/clang -target wasm32-unknown-emscripten -fignore-exceptions -fvisibility=default -mllvm -combiner-global-alias-analysis=false -mllvm -enable-emscripten-sjlj -mllvm -disable-lsr -DEMSCRIPTEN -Werror=implicit-function-declaration --sysroot=/workspace/bochs-wasm-poc/emsdk/upstream/emscripten/cache/sysroot -Xclang -iwithsysroot/include/fakesdl -Xclang -iwithsysroot/include/compat -c -O2 -D__GNU__ conftest.c -o conftest.o' failed (returned 1)
configure:21366: $? = 1
configure: failed program was:
| /* confdefs.h */
| #define PACKAGE_NAME ""
| #define PACKAGE_TARNAME ""
| #define PACKAGE_VERSION ""
| #define PACKAGE_STRING ""
| #define PACKAGE_BUGREPORT ""
| #define PACKAGE_URL ""
| #define HAVE_STDIO_H 1
| #define HAVE_STDLIB_H 1
| #define HAVE_STRING_H 1
| #define HAVE_INTTYPES_H 1
| #define HAVE_STDINT_H 1
| #define HAVE_STRINGS_H 1
| #define HAVE_SYS_STAT_H 1
| #define HAVE_SYS_TYPES_H 1
| #define HAVE_UNISTD_H 1
| #define STDC_HEADERS 1
| #define HAVE_DLFCN_H 1
| #define HAVE_DIRENT_H 1
| #define LTDL_SHLIB_EXT ".so"
| #define LTDL_SYSSEARCHPATH "/lib:/usr/lib"
| #define LTDL_OBJDIR ".libs/"
| #define HAVE_LIBDL 1
| #define HAVE_DLERROR 1
| #define LTDL_DLOPEN_DEPLIBS 1
| #define error_t int
| #define HAVE_ASSERT_H 1
| #define HAVE_CTYPE_H 1
| #define HAVE_ERRNO_H 1
| #define HAVE_MALLOC_H 1
| #define HAVE_MEMORY_H 1
| #define HAVE_STDLIB_H 1
| #define HAVE_STDIO_H 1
| #define HAVE_UNISTD_H 1
| #define HAVE_STRING_H 1
| #define HAVE_STRCHR 1
| #define HAVE_STRRCHR 1
| #define HAVE_MEMCPY 1
| #define HAVE_MEMMOVE 1
| #define HAVE_STRCMP 1
| #define HAVE_CLOSEDIR 1
| #define HAVE_OPENDIR 1
| #define HAVE_READDIR 1
| #define X_DISPLAY_MISSING 1
| /* end confdefs.h.  */
| #include <sys/types.h>
| 		#include <sys/param.h>
| 
| int
| main (void)
| {
| #if BYTE_ORDER != BIG_ENDIAN
| 		 not big endian
| 		#endif
| 
|   ;
|   return 0;
| }
configure:21500: result: no
configure:21522: checking size of unsigned char
configure:21528: /workspace/bochs-wasm-poc/emsdk/upstream/emscripten/emcc -o conftest -O2 -s WASM=1 -s ASYNCIFY=1 -s ALLOW_MEMORY_GROWTH=1 -s TOTAL_MEMORY=31457280 -sNO_EXIT_RUNTIME=1 -sFORCE_FILESYSTEM=1 -D__GNU__   conftest.c  >&5
configure:21528: $? = 0
configure:21528: ./conftest
configure:21528: $? = 0
configure:21543: result: 1
configure:21555: checking size of unsigned short
configure:21561: /workspace/bochs-wasm-poc/emsdk/upstream/emscripten/emcc -o conftest -O2 -s WASM=1 -s ASYNCIFY=1 -s ALLOW_MEMORY_GROWTH=1 -s TOTAL_MEMORY=31457280 -sNO_EXIT_RUNTIME=1 -sFORCE_FILESYSTEM=1 -D__GNU__   conftest.c  >&5
configure:21561: $? = 0
configure:21561: ./conftest
configure:21561: $? = 0
configure:21576: result: 2
configure:21588: checking size of unsigned int
configure:21594: /workspace/bochs-wasm-poc/emsdk/upstream/emscripten/emcc -o conftest -O2 -s WASM=1 -s ASYNCIFY=1 -s ALLOW_MEMORY_GROWTH=1 -s TOTAL_MEMORY=31457280 -sNO_EXIT_RUNTIME=1 -sFORCE_FILESYSTEM=1 -D__GNU__   conftest.c  >&5
configure:21594: $? = 0
configure:21594: ./conftest
configure:21594: $? = 0
configure:21609: result: 4
configure:21621: checking size of unsigned long
configure:21627: /workspace/bochs-wasm-poc/emsdk/upstream/emscripten/emcc -o conftest -O2 -s WASM=1 -s ASYNCIFY=1 -s ALLOW_MEMORY_GROWTH=1 -s TOTAL_MEMORY=31457280 -sNO_EXIT_RUNTIME=1 -sFORCE_FILESYSTEM=1 -D__GNU__   conftest.c  >&5
configure:21627: $? = 0
configure:21627: ./conftest
configure:21627: $? = 0
configure:21642: result: 4
configure:21654: checking size of unsigned long long
configure:21660: /workspace/bochs-wasm-poc/emsdk/upstream/emscripten/emcc -o conftest -O2 -s WASM=1 -s ASYNCIFY=1 -s ALLOW_MEMORY_GROWTH=1 -s TOTAL_MEMORY=31457280 -sNO_EXIT_RUNTIME=1 -sFORCE_FILESYSTEM=1 -D__GNU__   conftest.c  >&5
configure:21660: $? = 0
configure:21660: ./conftest
configure:21660: $? = 0
configure:21675: result: 8
configure:21688: checking size of int *
configure:21694: /workspace/bochs-wasm-poc/emsdk/upstream/emscripten/emcc -o conftest -O2 -s WASM=1 -s ASYNCIFY=1 -s ALLOW_MEMORY_GROWTH=1 -s TOTAL_MEMORY=31457280 -sNO_EXIT_RUNTIME=1 -sFORCE_FILESYSTEM=1 -D__GNU__   conftest.c  >&5
configure:21694: $? = 0
configure:21694: ./conftest
configure:21694: $? = 0
configure:21709: result: 4
configure:21721: checking for getenv
configure:21721: /workspace/bochs-wasm-poc/emsdk/upstream/emscripten/emcc -o conftest -O2 -s WASM=1 -s ASYNCIFY=1 -s ALLOW_MEMORY_GROWTH=1 -s TOTAL_MEMORY=31457280 -sNO_EXIT_RUNTIME=1 -sFORCE_FILESYSTEM=1 -D__GNU__   conftest.c  >&5
wasm-ld: warning: function signature mismatch: getenv
>>> defined as () -> i32 in /tmp/emscripten_temp_ml2woulx/conftest_0.o
>>> defined as (i32) -> i32 in /workspace/bochs-wasm-poc/emsdk/upstream/emscripten/cache/sysroot/lib/wasm32-emscripten/libc.a(getenv.o)
configure:21721: $? = 0
configure:21721: result: yes
configure:21733: checking for setenv
configure:21733: /workspace/bochs-wasm-poc/emsdk/upstream/emscripten/emcc -o conftest -O2 -s WASM=1 -s ASYNCIFY=1 -s ALLOW_MEMORY_GROWTH=1 -s TOTAL_MEMORY=31457280 -sNO_EXIT_RUNTIME=1 -sFORCE_FILESYSTEM=1 -D__GNU__   conftest.c  >&5
wasm-ld: warning: function signature mismatch: setenv
>>> defined as () -> i32 in /tmp/emscripten_temp_s6tha6xb/conftest_0.o
>>> defined as (i32, i32, i32) -> i32 in /workspace/bochs-wasm-poc/emsdk/upstream/emscripten/cache/sysroot/lib/wasm32-emscripten/libc.a(setenv.o)
configure:21733: $? = 0
configure:21733: result: yes
configure:21745: checking for snprintf
configure:21745: /workspace/bochs-wasm-poc/emsdk/upstream/emscripten/emcc -o conftest -O2 -s WASM=1 -s ASYNCIFY=1 -s ALLOW_MEMORY_GROWTH=1 -s TOTAL_MEMORY=31457280 -sNO_EXIT_RUNTIME=1 -sFORCE_FILESYSTEM=1 -D__GNU__   conftest.c  >&5
conftest.c:72:6: warning: incompatible redeclaration of library function 'snprintf' [-Wincompatible-library-redeclaration]
char snprintf ();
     ^
conftest.c:72:6: note: 'snprintf' is a builtin with type 'int (char *, unsigned long, const char *, ...)'
1 warning generated.
wasm-ld: warning: function signature mismatch: snprintf
>>> defined as () -> i32 in /tmp/emscripten_temp_5bucc4g_/conftest_0.o
>>> defined as (i32, i32, i32, i32) -> i32 in /workspace/bochs-wasm-poc/emsdk/upstream/emscripten/cache/sysroot/lib/wasm32-emscripten/libc.a(snprintf.o)
configure:21745: $? = 0
configure:21745: result: yes
configure:21757: checking for vsnprintf
configure:21757: /workspace/bochs-wasm-poc/emsdk/upstream/emscripten/emcc -o conftest -O2 -s WASM=1 -s ASYNCIFY=1 -s ALLOW_MEMORY_GROWTH=1 -s TOTAL_MEMORY=31457280 -sNO_EXIT_RUNTIME=1 -sFORCE_FILESYSTEM=1 -D__GNU__   conftest.c  >&5
conftest.c:74:6: warning: incompatible redeclaration of library function 'vsnprintf' [-Wincompatible-library-redeclaration]
char vsnprintf ();
     ^
conftest.c:74:6: note: 'vsnprintf' is a builtin with type 'int (char *, unsigned long, const char *, __builtin_va_list)'
1 warning generated.
wasm-ld: warning: function signature mismatch: vsnprintf
>>> defined as () -> i32 in /tmp/emscripten_temp_2mhlb6tt/conftest_0.o
>>> defined as (i32, i32, i32, i32) -> i32 in /workspace/bochs-wasm-poc/emsdk/upstream/emscripten/cache/sysroot/lib/wasm32-emscripten/libc.a(vsnprintf.o)
configure:21757: $? = 0
configure:21757: result: yes
configure:21771: checking for select
configure:21771: /workspace/bochs-wasm-poc/emsdk/upstream/emscripten/emcc -o conftest -O2 -s WASM=1 -s ASYNCIFY=1 -s ALLOW_MEMORY_GROWTH=1 -s TOTAL_MEMORY=31457280 -sNO_EXIT_RUNTIME=1 -sFORCE_FILESYSTEM=1 -D__GNU__   conftest.c  >&5
wasm-ld: warning: function signature mismatch: select
>>> defined as () -> i32 in /tmp/emscripten_temp_9b26skyt/conftest_0.o
>>> defined as (i32, i32, i32, i32, i32) -> i32 in /workspace/bochs-wasm-poc/emsdk/upstream/emscripten/cache/sysroot/lib/wasm32-emscripten/libc.a(select.o)
configure:21771: $? = 0
configure:21771: result: yes
configure:21780: checking for socklen_t
configure:21780: /workspace/bochs-wasm-poc/emsdk/upstream/emscripten/emcc -c -O2 -s WASM=1 -s ASYNCIFY=1 -s ALLOW_MEMORY_GROWTH=1 -s TOTAL_MEMORY=31457280 -sNO_EXIT_RUNTIME=1 -sFORCE_FILESYSTEM=1 -D__GNU__  conftest.c >&5
emcc: warning: linker setting ignored during compilation: 'WASM' [-Wunused-command-line-argument]
emcc: warning: linker setting ignored during compilation: 'ASYNCIFY' [-Wunused-command-line-argument]
emcc: warning: linker setting ignored during compilation: 'ALLOW_MEMORY_GROWTH' [-Wunused-command-line-argument]
emcc: warning: linker setting ignored during compilation: 'TOTAL_MEMORY' [-Wunused-command-line-argument]
emcc: warning: linker setting ignored during compilation: 'EXIT_RUNTIME' [-Wunused-command-line-argument]
emcc: warning: linker setting ignored during compilation: 'FORCE_FILESYSTEM' [-Wunused-command-line-argument]
configure:21780: $? = 0
configure:21780: /workspace/bochs-wasm-poc/emsdk/upstream/emscripten/emcc -c -O2 -s WASM=1 -s ASYNCIFY=1 -s ALLOW_MEMORY_GROWTH=1 -s TOTAL_MEMORY=31457280 -sNO_EXIT_RUNTIME=1 -sFORCE_FILESYSTEM=1 -D__GNU__  conftest.c >&5
emcc: warning: linker setting ignored during compilation: 'WASM' [-Wunused-command-line-argument]
emcc: warning: linker setting ignored during compilation: 'ASYNCIFY' [-Wunused-command-line-argument]
emcc: warning: linker setting ignored during compilation: 'ALLOW_MEMORY_GROWTH' [-Wunused-command-line-argument]
emcc: warning: linker setting ignored during compilation: 'TOTAL_MEMORY' [-Wunused-command-line-argument]
emcc: warning: linker setting ignored during compilation: 'EXIT_RUNTIME' [-Wunused-command-line-argument]
emcc: warning: linker setting ignored during compilation: 'FORCE_FILESYSTEM' [-Wunused-command-line-argument]
conftest.c:68:24: error: expected expression
if (sizeof ((socklen_t)))
                       ^
1 error generated.
emcc: error: '/workspace/bochs-wasm-poc/emsdk/upstream/bin/clang -target wasm32-unknown-emscripten -fignore-exceptions -fvisibility=default -mllvm -combiner-global-alias-analysis=false -mllvm -enable-emscripten-sjlj -mllvm -disable-lsr -DEMSCRIPTEN -Werror=implicit-function-declaration --sysroot=/workspace/bochs-wasm-poc/emsdk/upstream/emscripten/cache/sysroot -Xclang -iwithsysroot/include/fakesdl -Xclang -iwithsysroot/include/compat -c -O2 -D__GNU__ conftest.c -o conftest.o' failed (returned 1)
configure:21780: $? = 1
configure: failed program was:
| /* confdefs.h */
| #define PACKAGE_NAME ""
| #define PACKAGE_TARNAME ""
| #define PACKAGE_VERSION ""
| #define PACKAGE_STRING ""
| #define PACKAGE_BUGREPORT ""
| #define PACKAGE_URL ""
| #define HAVE_STDIO_H 1
| #define HAVE_STDLIB_H 1
| #define HAVE_STRING_H 1
| #define HAVE_INTTYPES_H 1
| #define HAVE_STDINT_H 1
| #define HAVE_STRINGS_H 1
| #define HAVE_SYS_STAT_H 1
| #define HAVE_SYS_TYPES_H 1
| #define HAVE_UNISTD_H 1
| #define STDC_HEADERS 1
| #define HAVE_DLFCN_H 1
| #define HAVE_DIRENT_H 1
| #define LTDL_SHLIB_EXT ".so"
| #define LTDL_SYSSEARCHPATH "/lib:/usr/lib"
| #define LTDL_OBJDIR ".libs/"
| #define HAVE_LIBDL 1
| #define HAVE_DLERROR 1
| #define LTDL_DLOPEN_DEPLIBS 1
| #define error_t int
| #define HAVE_ASSERT_H 1
| #define HAVE_CTYPE_H 1
| #define HAVE_ERRNO_H 1
| #define HAVE_MALLOC_H 1
| #define HAVE_MEMORY_H 1
| #define HAVE_STDLIB_H 1
| #define HAVE_STDIO_H 1
| #define HAVE_UNISTD_H 1
| #define HAVE_STRING_H 1
| #define HAVE_STRCHR 1
| #define HAVE_STRRCHR 1
| #define HAVE_MEMCPY 1
| #define HAVE_MEMMOVE 1
| #define HAVE_STRCMP 1
| #define HAVE_CLOSEDIR 1
| #define HAVE_OPENDIR 1
| #define HAVE_READDIR 1
| #define X_DISPLAY_MISSING 1
| #define SIZEOF_UNSIGNED_CHAR 1
| #define SIZEOF_UNSIGNED_SHORT 2
| #define SIZEOF_UNSIGNED_INT 4
| #define SIZEOF_UNSIGNED_LONG 4
| #define SIZEOF_UNSIGNED_LONG_LONG 8
| #define SIZEOF_INT_P 4
| #define HAVE_GETENV 1
| #define BX_HAVE_GETENV 1
| #define HAVE_SETENV 1
| #define BX_HAVE_SETENV 1
| #define HAVE_SNPRINTF 1
| #define BX_HAVE_SNPRINTF 1
| #define HAVE_VSNPRINTF 1
| #define BX_HAVE_VSNPRINTF 1
| #define HAVE_SELECT 1
| #define BX_HAVE_SELECT 1
| /* end confdefs.h.  */
| #include <sys/types.h>
|   #include <sys/socket.h>
| 
| int
| main (void)
| {
| if (sizeof ((socklen_t)))
| 	    return 0;
|   ;
|   return 0;
| }
configure:21780: result: yes
configure:21792: checking for strtoull
configure:21792: /workspace/bochs-wasm-poc/emsdk/upstream/emscripten/emcc -o conftest -O2 -s WASM=1 -s ASYNCIFY=1 -s ALLOW_MEMORY_GROWTH=1 -s TOTAL_MEMORY=31457280 -sNO_EXIT_RUNTIME=1 -sFORCE_FILESYSTEM=1 -D__GNU__   conftest.c  >&5
conftest.c:79:6: warning: incompatible redeclaration of library function 'strtoull' [-Wincompatible-library-redeclaration]
char strtoull ();
     ^
conftest.c:79:6: note: 'strtoull' is a builtin with type 'unsigned long long (const char *, char **, int)'
1 warning generated.
wasm-ld: warning: function signature mismatch: strtoull
>>> defined as () -> i32 in /tmp/emscripten_temp_1mz9uv7w/conftest_0.o
>>> defined as (i32, i32, i32) -> i64 in /workspace/bochs-wasm-poc/emsdk/upstream/emscripten/cache/sysroot/lib/wasm32-emscripten/libc.a(strtol.o)
configure:21792: $? = 0
configure:21792: result: yes
configure:21804: checking for strtouq
configure:21804: /workspace/bochs-wasm-poc/emsdk/upstream/emscripten/emcc -o conftest -O2 -s WASM=1 -s ASYNCIFY=1 -s ALLOW_MEMORY_GROWTH=1 -s TOTAL_MEMORY=31457280 -sNO_EXIT_RUNTIME=1 -sFORCE_FILESYSTEM=1 -D__GNU__   conftest.c  >&5
wasm-ld: error: /tmp/emscripten_temp_6s_foz7_/conftest_0.o: undefined symbol: strtouq
emcc: error: '/workspace/bochs-wasm-poc/emsdk/upstream/bin/wasm-ld -o conftest.wasm /tmp/emscripten_temp_6s_foz7_/conftest_0.o -L/workspace/bochs-wasm-poc/emsdk/upstream/emscripten/cache/sysroot/lib/wasm32-emscripten -lGL -lal -lhtml5 -lstubs -lc -ldlmalloc -lcompiler_rt -lc++-noexcept -lc++abi-noexcept -lsockets -mllvm -combiner-global-alias-analysis=false -mllvm -enable-emscripten-sjlj -mllvm -disable-lsr /tmp/tmp6mxpnjxwlibemscripten_js_symbols.so --export-if-defined=main --export-if-defined=__start_em_asm --export-if-defined=__stop_em_asm --export-if-defined=__start_em_lib_deps --export-if-defined=__stop_em_lib_deps --export-if-defined=__start_em_js --export-if-defined=__stop_em_js --export-if-defined=__main_argc_argv --export-if-defined=fflush --export=emscripten_stack_get_base --export=emscripten_stack_get_end --export=emscripten_stack_set_limits --export=stackSave --export=stackRestore --export=stackAlloc --export=__errno_location --export=__get_temp_ret --export=__set_temp_ret --export=__funcs_on_exit --export=malloc --export=free --export=__wasm_call_ctors --export-table -z stack-size=65536 --initial-memory=31457280 --no-entry --max-memory=2147483648 --global-base=1024' failed (returned 1)
configure:21804: $? = 1
configure: failed program was:
| /* confdefs.h */
| #define PACKAGE_NAME ""
| #define PACKAGE_TARNAME ""
| #define PACKAGE_VERSION ""
| #define PACKAGE_STRING ""
| #define PACKAGE_BUGREPORT ""
| #define PACKAGE_URL ""
| #define HAVE_STDIO_H 1
| #define HAVE_STDLIB_H 1
| #define HAVE_STRING_H 1
| #define HAVE_INTTYPES_H 1
| #define HAVE_STDINT_H 1
| #define HAVE_STRINGS_H 1
| #define HAVE_SYS_STAT_H 1
| #define HAVE_SYS_TYPES_H 1
| #define HAVE_UNISTD_H 1
| #define STDC_HEADERS 1
| #define HAVE_DLFCN_H 1
| #define HAVE_DIRENT_H 1
| #define LTDL_SHLIB_EXT ".so"
| #define LTDL_SYSSEARCHPATH "/lib:/usr/lib"
| #define LTDL_OBJDIR ".libs/"
| #define HAVE_LIBDL 1
| #define HAVE_DLERROR 1
| #define LTDL_DLOPEN_DEPLIBS 1
| #define error_t int
| #define HAVE_ASSERT_H 1
| #define HAVE_CTYPE_H 1
| #define HAVE_ERRNO_H 1
| #define HAVE_MALLOC_H 1
| #define HAVE_MEMORY_H 1
| #define HAVE_STDLIB_H 1
| #define HAVE_STDIO_H 1
| #define HAVE_UNISTD_H 1
| #define HAVE_STRING_H 1
| #define HAVE_STRCHR 1
| #define HAVE_STRRCHR 1
| #define HAVE_MEMCPY 1
| #define HAVE_MEMMOVE 1
| #define HAVE_STRCMP 1
| #define HAVE_CLOSEDIR 1
| #define HAVE_OPENDIR 1
| #define HAVE_READDIR 1
| #define X_DISPLAY_MISSING 1
| #define SIZEOF_UNSIGNED_CHAR 1
| #define SIZEOF_UNSIGNED_SHORT 2
| #define SIZEOF_UNSIGNED_INT 4
| #define SIZEOF_UNSIGNED_LONG 4
| #define SIZEOF_UNSIGNED_LONG_LONG 8
| #define SIZEOF_INT_P 4
| #define HAVE_GETENV 1
| #define BX_HAVE_GETENV 1
| #define HAVE_SETENV 1
| #define BX_HAVE_SETENV 1
| #define HAVE_SNPRINTF 1
| #define BX_HAVE_SNPRINTF 1
| #define HAVE_VSNPRINTF 1
| #define BX_HAVE_VSNPRINTF 1
| #define HAVE_SELECT 1
| #define BX_HAVE_SELECT 1
| #define BX_HAVE_SOCKLEN_T 1
| #define HAVE_STRTOULL 1
| #define BX_HAVE_STRTOULL 1
| /* end confdefs.h.  */
| /* Define strtouq to an innocuous variant, in case <limits.h> declares strtouq.
|    For example, HP-UX 11i <limits.h> declares gettimeofday.  */
| #define strtouq innocuous_strtouq
| 
| /* System header to define __stub macros and hopefully few prototypes,
|    which can conflict with char strtouq (); below.  */
| 
| #include <limits.h>
| #undef strtouq
| 
| /* Override any GCC internal prototype to avoid an error.
|    Use char because int might match the return type of a GCC
|    builtin and then its argument prototype would still apply.  */
| #ifdef __cplusplus
| extern "C"
| #endif
| char strtouq ();
| /* The GNU C library defines this for functions which it implements
|     to always fail with ENOSYS.  Some functions are actually named
|     something starting with __ and the normal name is an alias.  */
| #if defined __stub_strtouq || defined __stub___strtouq
| choke me
| #endif
| 
| int
| main (void)
| {
| return strtouq ();
|   ;
|   return 0;
| }
configure:21804: result: no
configure:21816: checking for strdup
configure:21816: /workspace/bochs-wasm-poc/emsdk/upstream/emscripten/emcc -o conftest -O2 -s WASM=1 -s ASYNCIFY=1 -s ALLOW_MEMORY_GROWTH=1 -s TOTAL_MEMORY=31457280 -sNO_EXIT_RUNTIME=1 -sFORCE_FILESYSTEM=1 -D__GNU__   conftest.c  >&5
conftest.c:81:6: warning: incompatible redeclaration of library function 'strdup' [-Wincompatible-library-redeclaration]
char strdup ();
     ^
conftest.c:81:6: note: 'strdup' is a builtin with type 'char *(const char *)'
1 warning generated.
wasm-ld: warning: function signature mismatch: strdup
>>> defined as () -> i32 in /tmp/emscripten_temp_4ur2211a/conftest_0.o
>>> defined as (i32) -> i32 in /workspace/bochs-wasm-poc/emsdk/upstream/emscripten/cache/sysroot/lib/wasm32-emscripten/libc.a(strdup.o)
configure:21816: $? = 0
configure:21816: result: yes
configure:21828: checking for strrev
configure:21828: /workspace/bochs-wasm-poc/emsdk/upstream/emscripten/emcc -o conftest -O2 -s WASM=1 -s ASYNCIFY=1 -s ALLOW_MEMORY_GROWTH=1 -s TOTAL_MEMORY=31457280 -sNO_EXIT_RUNTIME=1 -sFORCE_FILESYSTEM=1 -D__GNU__   conftest.c  >&5
wasm-ld: error: /tmp/emscripten_temp_3aijcjcu/conftest_0.o: undefined symbol: strrev
emcc: error: '/workspace/bochs-wasm-poc/emsdk/upstream/bin/wasm-ld -o conftest.wasm /tmp/emscripten_temp_3aijcjcu/conftest_0.o -L/workspace/bochs-wasm-poc/emsdk/upstream/emscripten/cache/sysroot/lib/wasm32-emscripten -lGL -lal -lhtml5 -lstubs -lc -ldlmalloc -lcompiler_rt -lc++-noexcept -lc++abi-noexcept -lsockets -mllvm -combiner-global-alias-analysis=false -mllvm -enable-emscripten-sjlj -mllvm -disable-lsr /tmp/tmpaeov8ne0libemscripten_js_symbols.so --export-if-defined=main --export-if-defined=__start_em_asm --export-if-defined=__stop_em_asm --export-if-defined=__start_em_lib_deps --export-if-defined=__stop_em_lib_deps --export-if-defined=__start_em_js --export-if-defined=__stop_em_js --export-if-defined=__main_argc_argv --export-if-defined=fflush --export=emscripten_stack_get_base --export=emscripten_stack_get_end --export=emscripten_stack_set_limits --export=stackSave --export=stackRestore --export=stackAlloc --export=__errno_location --export=__get_temp_ret --export=__set_temp_ret --export=__funcs_on_exit --export=malloc --export=free --export=__wasm_call_ctors --export-table -z stack-size=65536 --initial-memory=31457280 --no-entry --max-memory=2147483648 --global-base=1024' failed (returned 1)
configure:21828: $? = 1
configure: failed program was:
| /* confdefs.h */
| #define PACKAGE_NAME ""
| #define PACKAGE_TARNAME ""
| #define PACKAGE_VERSION ""
| #define PACKAGE_STRING ""
| #define PACKAGE_BUGREPORT ""
| #define PACKAGE_URL ""
| #define HAVE_STDIO_H 1
| #define HAVE_STDLIB_H 1
| #define HAVE_STRING_H 1
| #define HAVE_INTTYPES_H 1
| #define HAVE_STDINT_H 1
| #define HAVE_STRINGS_H 1
| #define HAVE_SYS_STAT_H 1
| #define HAVE_SYS_TYPES_H 1
| #define HAVE_UNISTD_H 1
| #define STDC_HEADERS 1
| #define HAVE_DLFCN_H 1
| #define HAVE_DIRENT_H 1
| #define LTDL_SHLIB_EXT ".so"
| #define LTDL_SYSSEARCHPATH "/lib:/usr/lib"
| #define LTDL_OBJDIR ".libs/"
| #define HAVE_LIBDL 1
| #define HAVE_DLERROR 1
| #define LTDL_DLOPEN_DEPLIBS 1
| #define error_t int
| #define HAVE_ASSERT_H 1
| #define HAVE_CTYPE_H 1
| #define HAVE_ERRNO_H 1
| #define HAVE_MALLOC_H 1
| #define HAVE_MEMORY_H 1
| #define HAVE_STDLIB_H 1
| #define HAVE_STDIO_H 1
| #define HAVE_UNISTD_H 1
| #define HAVE_STRING_H 1
| #define HAVE_STRCHR 1
| #define HAVE_STRRCHR 1
| #define HAVE_MEMCPY 1
| #define HAVE_MEMMOVE 1
| #define HAVE_STRCMP 1
| #define HAVE_CLOSEDIR 1
| #define HAVE_OPENDIR 1
| #define HAVE_READDIR 1
| #define X_DISPLAY_MISSING 1
| #define SIZEOF_UNSIGNED_CHAR 1
| #define SIZEOF_UNSIGNED_SHORT 2
| #define SIZEOF_UNSIGNED_INT 4
| #define SIZEOF_UNSIGNED_LONG 4
| #define SIZEOF_UNSIGNED_LONG_LONG 8
| #define SIZEOF_INT_P 4
| #define HAVE_GETENV 1
| #define BX_HAVE_GETENV 1
| #define HAVE_SETENV 1
| #define BX_HAVE_SETENV 1
| #define HAVE_SNPRINTF 1
| #define BX_HAVE_SNPRINTF 1
| #define HAVE_VSNPRINTF 1
| #define BX_HAVE_VSNPRINTF 1
| #define HAVE_SELECT 1
| #define BX_HAVE_SELECT 1
| #define BX_HAVE_SOCKLEN_T 1
| #define HAVE_STRTOULL 1
| #define BX_HAVE_STRTOULL 1
| #define HAVE_STRDUP 1
| #define BX_HAVE_STRDUP 1
| /* end confdefs.h.  */
| /* Define strrev to an innocuous variant, in case <limits.h> declares strrev.
|    For example, HP-UX 11i <limits.h> declares gettimeofday.  */
| #define strrev innocuous_strrev
| 
| /* System header to define __stub macros and hopefully few prototypes,
|    which can conflict with char strrev (); below.  */
| 
| #include <limits.h>
| #undef strrev
| 
| /* Override any GCC internal prototype to avoid an error.
|    Use char because int might match the return type of a GCC
|    builtin and then its argument prototype would still apply.  */
| #ifdef __cplusplus
| extern "C"
| #endif
| char strrev ();
| /* The GNU C library defines this for functions which it implements
|     to always fail with ENOSYS.  Some functions are actually named
|     something starting with __ and the normal name is an alias.  */
| #if defined __stub_strrev || defined __stub___strrev
| choke me
| #endif
| 
| int
| main (void)
| {
| return strrev ();
|   ;
|   return 0;
| }
configure:21828: result: no
configure:21840: checking for stricmp
configure:21840: /workspace/bochs-wasm-poc/emsdk/upstream/emscripten/emcc -o conftest -O2 -s WASM=1 -s ASYNCIFY=1 -s ALLOW_MEMORY_GROWTH=1 -s TOTAL_MEMORY=31457280 -sNO_EXIT_RUNTIME=1 -sFORCE_FILESYSTEM=1 -D__GNU__   conftest.c  >&5
wasm-ld: error: /tmp/emscripten_temp_42h62r1d/conftest_0.o: undefined symbol: stricmp
emcc: error: '/workspace/bochs-wasm-poc/emsdk/upstream/bin/wasm-ld -o conftest.wasm /tmp/emscripten_temp_42h62r1d/conftest_0.o -L/workspace/bochs-wasm-poc/emsdk/upstream/emscripten/cache/sysroot/lib/wasm32-emscripten -lGL -lal -lhtml5 -lstubs -lc -ldlmalloc -lcompiler_rt -lc++-noexcept -lc++abi-noexcept -lsockets -mllvm -combiner-global-alias-analysis=false -mllvm -enable-emscripten-sjlj -mllvm -disable-lsr /tmp/tmpa4ob10evlibemscripten_js_symbols.so --export-if-defined=main --export-if-defined=__start_em_asm --export-if-defined=__stop_em_asm --export-if-defined=__start_em_lib_deps --export-if-defined=__stop_em_lib_deps --export-if-defined=__start_em_js --export-if-defined=__stop_em_js --export-if-defined=__main_argc_argv --export-if-defined=fflush --export=emscripten_stack_get_base --export=emscripten_stack_get_end --export=emscripten_stack_set_limits --export=stackSave --export=stackRestore --export=stackAlloc --export=__errno_location --export=__get_temp_ret --export=__set_temp_ret --export=__funcs_on_exit --export=malloc --export=free --export=__wasm_call_ctors --export-table -z stack-size=65536 --initial-memory=31457280 --no-entry --max-memory=2147483648 --global-base=1024' failed (returned 1)
configure:21840: $? = 1
configure: failed program was:
| /* confdefs.h */
| #define PACKAGE_NAME ""
| #define PACKAGE_TARNAME ""
| #define PACKAGE_VERSION ""
| #define PACKAGE_STRING ""
| #define PACKAGE_BUGREPORT ""
| #define PACKAGE_URL ""
| #define HAVE_STDIO_H 1
| #define HAVE_STDLIB_H 1
| #define HAVE_STRING_H 1
| #define HAVE_INTTYPES_H 1
| #define HAVE_STDINT_H 1
| #define HAVE_STRINGS_H 1
| #define HAVE_SYS_STAT_H 1
| #define HAVE_SYS_TYPES_H 1
| #define HAVE_UNISTD_H 1
| #define STDC_HEADERS 1
| #define HAVE_DLFCN_H 1
| #define HAVE_DIRENT_H 1
| #define LTDL_SHLIB_EXT ".so"
| #define LTDL_SYSSEARCHPATH "/lib:/usr/lib"
| #define LTDL_OBJDIR ".libs/"
| #define HAVE_LIBDL 1
| #define HAVE_DLERROR 1
| #define LTDL_DLOPEN_DEPLIBS 1
| #define error_t int
| #define HAVE_ASSERT_H 1
| #define HAVE_CTYPE_H 1
| #define HAVE_ERRNO_H 1
| #define HAVE_MALLOC_H 1
| #define HAVE_MEMORY_H 1
| #define HAVE_STDLIB_H 1
| #define HAVE_STDIO_H 1
| #define HAVE_UNISTD_H 1
| #define HAVE_STRING_H 1
| #define HAVE_STRCHR 1
| #define HAVE_STRRCHR 1
| #define HAVE_MEMCPY 1
| #define HAVE_MEMMOVE 1
| #define HAVE_STRCMP 1
| #define HAVE_CLOSEDIR 1
| #define HAVE_OPENDIR 1
| #define HAVE_READDIR 1
| #define X_DISPLAY_MISSING 1
| #define SIZEOF_UNSIGNED_CHAR 1
| #define SIZEOF_UNSIGNED_SHORT 2
| #define SIZEOF_UNSIGNED_INT 4
| #define SIZEOF_UNSIGNED_LONG 4
| #define SIZEOF_UNSIGNED_LONG_LONG 8
| #define SIZEOF_INT_P 4
| #define HAVE_GETENV 1
| #define BX_HAVE_GETENV 1
| #define HAVE_SETENV 1
| #define BX_HAVE_SETENV 1
| #define HAVE_SNPRINTF 1
| #define BX_HAVE_SNPRINTF 1
| #define HAVE_VSNPRINTF 1
| #define BX_HAVE_VSNPRINTF 1
| #define HAVE_SELECT 1
| #define BX_HAVE_SELECT 1
| #define BX_HAVE_SOCKLEN_T 1
| #define HAVE_STRTOULL 1
| #define BX_HAVE_STRTOULL 1
| #define HAVE_STRDUP 1
| #define BX_HAVE_STRDUP 1
| /* end confdefs.h.  */
| /* Define stricmp to an innocuous variant, in case <limits.h> declares stricmp.
|    For example, HP-UX 11i <limits.h> declares gettimeofday.  */
| #define stricmp innocuous_stricmp
| 
| /* System header to define __stub macros and hopefully few prototypes,
|    which can conflict with char stricmp (); below.  */
| 
| #include <limits.h>
| #undef stricmp
| 
| /* Override any GCC internal prototype to avoid an error.
|    Use char because int might match the return type of a GCC
|    builtin and then its argument prototype would still apply.  */
| #ifdef __cplusplus
| extern "C"
| #endif
| char stricmp ();
| /* The GNU C library defines this for functions which it implements
|     to always fail with ENOSYS.  Some functions are actually named
|     something starting with __ and the normal name is an alias.  */
| #if defined __stub_stricmp || defined __stub___stricmp
| choke me
| #endif
| 
| int
| main (void)
| {
| return stricmp ();
|   ;
|   return 0;
| }
configure:21840: result: no
configure:21852: checking for strcasecmp
configure:21852: /workspace/bochs-wasm-poc/emsdk/upstream/emscripten/emcc -o conftest -O2 -s WASM=1 -s ASYNCIFY=1 -s ALLOW_MEMORY_GROWTH=1 -s TOTAL_MEMORY=31457280 -sNO_EXIT_RUNTIME=1 -sFORCE_FILESYSTEM=1 -D__GNU__   conftest.c  >&5
conftest.c:83:6: warning: incompatible redeclaration of library function 'strcasecmp' [-Wincompatible-library-redeclaration]
char strcasecmp ();
     ^
conftest.c:83:6: note: 'strcasecmp' is a builtin with type 'int (const char *, const char *)'
1 warning generated.
wasm-ld: warning: function signature mismatch: strcasecmp
>>> defined as () -> i32 in /tmp/emscripten_temp_t4gsikk1/conftest_0.o
>>> defined as (i32, i32) -> i32 in /workspace/bochs-wasm-poc/emsdk/upstream/emscripten/cache/sysroot/lib/wasm32-emscripten/libc.a(strcasecmp.o)
configure:21852: $? = 0
configure:21852: result: yes
configure:21864: checking for mkstemp
configure:21864: /workspace/bochs-wasm-poc/emsdk/upstream/emscripten/emcc -o conftest -O2 -s WASM=1 -s ASYNCIFY=1 -s ALLOW_MEMORY_GROWTH=1 -s TOTAL_MEMORY=31457280 -sNO_EXIT_RUNTIME=1 -sFORCE_FILESYSTEM=1 -D__GNU__   conftest.c  >&5
wasm-ld: warning: function signature mismatch: mkstemp
>>> defined as () -> i32 in /tmp/emscripten_temp_2r_i2ih2/conftest_0.o
>>> defined as (i32) -> i32 in /workspace/bochs-wasm-poc/emsdk/upstream/emscripten/cache/sysroot/lib/wasm32-emscripten/libc.a(mkstemp.o)
configure:21864: $? = 0
configure:21864: result: yes
configure:21873: checking for sys/mman.h
configure:21873: /workspace/bochs-wasm-poc/emsdk/upstream/emscripten/emcc -c -O2 -s WASM=1 -s ASYNCIFY=1 -s ALLOW_MEMORY_GROWTH=1 -s TOTAL_MEMORY=31457280 -sNO_EXIT_RUNTIME=1 -sFORCE_FILESYSTEM=1 -D__GNU__  conftest.c >&5
emcc: warning: linker setting ignored during compilation: 'WASM' [-Wunused-command-line-argument]
emcc: warning: linker setting ignored during compilation: 'ASYNCIFY' [-Wunused-command-line-argument]
emcc: warning: linker setting ignored during compilation: 'ALLOW_MEMORY_GROWTH' [-Wunused-command-line-argument]
emcc: warning: linker setting ignored during compilation: 'TOTAL_MEMORY' [-Wunused-command-line-argument]
emcc: warning: linker setting ignored during compilation: 'EXIT_RUNTIME' [-Wunused-command-line-argument]
emcc: warning: linker setting ignored during compilation: 'FORCE_FILESYSTEM' [-Wunused-command-line-argument]
configure:21873: $? = 0
configure:21873: result: yes
configure:21883: checking for gettimeofday
configure:21883: /workspace/bochs-wasm-poc/emsdk/upstream/emscripten/emcc -o conftest -O2 -s WASM=1 -s ASYNCIFY=1 -s ALLOW_MEMORY_GROWTH=1 -s TOTAL_MEMORY=31457280 -sNO_EXIT_RUNTIME=1 -sFORCE_FILESYSTEM=1 -D__GNU__   conftest.c  >&5
wasm-ld: warning: function signature mismatch: gettimeofday
>>> defined as () -> i32 in /tmp/emscripten_temp_52_hcyri/conftest_0.o
>>> defined as (i32, i32) -> i32 in /workspace/bochs-wasm-poc/emsdk/upstream/emscripten/cache/sysroot/lib/wasm32-emscripten/libc.a(emscripten_time.o)
configure:21883: $? = 0
configure:21883: result: yes
configure:21895: checking for usleep
configure:21895: /workspace/bochs-wasm-poc/emsdk/upstream/emscripten/emcc -o conftest -O2 -s WASM=1 -s ASYNCIFY=1 -s ALLOW_MEMORY_GROWTH=1 -s TOTAL_MEMORY=31457280 -sNO_EXIT_RUNTIME=1 -sFORCE_FILESYSTEM=1 -D__GNU__   conftest.c  >&5
wasm-ld: warning: function signature mismatch: usleep
>>> defined as () -> i32 in /tmp/emscripten_temp_p9dd7mpz/conftest_0.o
>>> defined as (i32) -> i32 in /workspace/bochs-wasm-poc/emsdk/upstream/emscripten/cache/sysroot/lib/wasm32-emscripten/libc.a(usleep.o)
configure:21895: $? = 0
configure:21895: result: yes
configure:21905: checking for __builtin_bswap32
configure:21920: /workspace/bochs-wasm-poc/emsdk/upstream/emscripten/emcc -o conftest -O2 -s WASM=1 -s ASYNCIFY=1 -s ALLOW_MEMORY_GROWTH=1 -s TOTAL_MEMORY=31457280 -sNO_EXIT_RUNTIME=1 -sFORCE_FILESYSTEM=1 -D__GNU__   conftest.c  >&5
conftest.c:81:5: warning: ignoring return value of function declared with const attribute [-Wunused-value]
    __builtin_bswap32(0x12345678);
    ^~~~~~~~~~~~~~~~~ ~~~~~~~~~~
1 warning generated.
configure:21920: $? = 0
configure:21926: result: yes
configure:21937: checking for __builtin_bswap64
configure:21952: /workspace/bochs-wasm-poc/emsdk/upstream/emscripten/emcc -o conftest -O2 -s WASM=1 -s ASYNCIFY=1 -s ALLOW_MEMORY_GROWTH=1 -s TOTAL_MEMORY=31457280 -sNO_EXIT_RUNTIME=1 -sFORCE_FILESYSTEM=1 -D__GNU__   conftest.c  >&5
conftest.c:82:5: warning: ignoring return value of function declared with const attribute [-Wunused-value]
    __builtin_bswap64(0x12345678);
    ^~~~~~~~~~~~~~~~~ ~~~~~~~~~~
1 warning generated.
configure:21952: $? = 0
configure:21958: result: yes
configure:21972: checking for tmpfile64
configure:21972: /workspace/bochs-wasm-poc/emsdk/upstream/emscripten/emcc -o conftest -O2 -s WASM=1 -s ASYNCIFY=1 -s ALLOW_MEMORY_GROWTH=1 -s TOTAL_MEMORY=31457280 -sNO_EXIT_RUNTIME=1 -sFORCE_FILESYSTEM=1 -D__GNU__   conftest.c  >&5
configure:21972: $? = 0
configure:21972: result: yes
configure:21984: checking for fseek64
configure:21984: /workspace/bochs-wasm-poc/emsdk/upstream/emscripten/emcc -o conftest -O2 -s WASM=1 -s ASYNCIFY=1 -s ALLOW_MEMORY_GROWTH=1 -s TOTAL_MEMORY=31457280 -sNO_EXIT_RUNTIME=1 -sFORCE_FILESYSTEM=1 -D__GNU__   conftest.c  >&5
wasm-ld: error: /tmp/emscripten_temp_pqqzz6qw/conftest_0.o: undefined symbol: fseek64
emcc: error: '/workspace/bochs-wasm-poc/emsdk/upstream/bin/wasm-ld -o conftest.wasm /tmp/emscripten_temp_pqqzz6qw/conftest_0.o -L/workspace/bochs-wasm-poc/emsdk/upstream/emscripten/cache/sysroot/lib/wasm32-emscripten -lGL -lal -lhtml5 -lstubs -lc -ldlmalloc -lcompiler_rt -lc++-noexcept -lc++abi-noexcept -lsockets -mllvm -combiner-global-alias-analysis=false -mllvm -enable-emscripten-sjlj -mllvm -disable-lsr /tmp/tmpzku6rleclibemscripten_js_symbols.so --export-if-defined=main --export-if-defined=__start_em_asm --export-if-defined=__stop_em_asm --export-if-defined=__start_em_lib_deps --export-if-defined=__stop_em_lib_deps --export-if-defined=__start_em_js --export-if-defined=__stop_em_js --export-if-defined=__main_argc_argv --export-if-defined=fflush --export=emscripten_stack_get_base --export=emscripten_stack_get_end --export=emscripten_stack_set_limits --export=stackSave --export=stackRestore --export=stackAlloc --export=__errno_location --export=__get_temp_ret --export=__set_temp_ret --export=__funcs_on_exit --export=malloc --export=free --export=__wasm_call_ctors --export-table -z stack-size=65536 --initial-memory=31457280 --no-entry --max-memory=2147483648 --global-base=1024' failed (returned 1)
configure:21984: $? = 1
configure: failed program was:
| /* confdefs.h */
| #define PACKAGE_NAME ""
| #define PACKAGE_TARNAME ""
| #define PACKAGE_VERSION ""
| #define PACKAGE_STRING ""
| #define PACKAGE_BUGREPORT ""
| #define PACKAGE_URL ""
| #define HAVE_STDIO_H 1
| #define HAVE_STDLIB_H 1
| #define HAVE_STRING_H 1
| #define HAVE_INTTYPES_H 1
| #define HAVE_STDINT_H 1
| #define HAVE_STRINGS_H 1
| #define HAVE_SYS_STAT_H 1
| #define HAVE_SYS_TYPES_H 1
| #define HAVE_UNISTD_H 1
| #define STDC_HEADERS 1
| #define HAVE_DLFCN_H 1
| #define HAVE_DIRENT_H 1
| #define LTDL_SHLIB_EXT ".so"
| #define LTDL_SYSSEARCHPATH "/lib:/usr/lib"
| #define LTDL_OBJDIR ".libs/"
| #define HAVE_LIBDL 1
| #define HAVE_DLERROR 1
| #define LTDL_DLOPEN_DEPLIBS 1
| #define error_t int
| #define HAVE_ASSERT_H 1
| #define HAVE_CTYPE_H 1
| #define HAVE_ERRNO_H 1
| #define HAVE_MALLOC_H 1
| #define HAVE_MEMORY_H 1
| #define HAVE_STDLIB_H 1
| #define HAVE_STDIO_H 1
| #define HAVE_UNISTD_H 1
| #define HAVE_STRING_H 1
| #define HAVE_STRCHR 1
| #define HAVE_STRRCHR 1
| #define HAVE_MEMCPY 1
| #define HAVE_MEMMOVE 1
| #define HAVE_STRCMP 1
| #define HAVE_CLOSEDIR 1
| #define HAVE_OPENDIR 1
| #define HAVE_READDIR 1
| #define X_DISPLAY_MISSING 1
| #define SIZEOF_UNSIGNED_CHAR 1
| #define SIZEOF_UNSIGNED_SHORT 2
| #define SIZEOF_UNSIGNED_INT 4
| #define SIZEOF_UNSIGNED_LONG 4
| #define SIZEOF_UNSIGNED_LONG_LONG 8
| #define SIZEOF_INT_P 4
| #define HAVE_GETENV 1
| #define BX_HAVE_GETENV 1
| #define HAVE_SETENV 1
| #define BX_HAVE_SETENV 1
| #define HAVE_SNPRINTF 1
| #define BX_HAVE_SNPRINTF 1
| #define HAVE_VSNPRINTF 1
| #define BX_HAVE_VSNPRINTF 1
| #define HAVE_SELECT 1
| #define BX_HAVE_SELECT 1
| #define BX_HAVE_SOCKLEN_T 1
| #define HAVE_STRTOULL 1
| #define BX_HAVE_STRTOULL 1
| #define HAVE_STRDUP 1
| #define BX_HAVE_STRDUP 1
| #define HAVE_STRCASECMP 1
| #define BX_HAVE_STRCASECMP 1
| #define HAVE_MKSTEMP 1
| #define BX_HAVE_MKSTEMP 1
| #define BX_HAVE_SYS_MMAN_H 1
| #define HAVE_GETTIMEOFDAY 1
| #define BX_HAVE_GETTIMEOFDAY 1
| #define HAVE_USLEEP 1
| #define BX_HAVE_USLEEP 1
| #define BX_HAVE___BUILTIN_BSWAP32 1
| #define BX_HAVE___BUILTIN_BSWAP64 1
| #define HAVE_TMPFILE64 1
| #define BX_HAVE_TMPFILE64 1
| /* end confdefs.h.  */
| /* Define fseek64 to an innocuous variant, in case <limits.h> declares fseek64.
|    For example, HP-UX 11i <limits.h> declares gettimeofday.  */
| #define fseek64 innocuous_fseek64
| 
| /* System header to define __stub macros and hopefully few prototypes,
|    which can conflict with char fseek64 (); below.  */
| 
| #include <limits.h>
| #undef fseek64
| 
| /* Override any GCC internal prototype to avoid an error.
|    Use char because int might match the return type of a GCC
|    builtin and then its argument prototype would still apply.  */
| #ifdef __cplusplus
| extern "C"
| #endif
| char fseek64 ();
| /* The GNU C library defines this for functions which it implements
|     to always fail with ENOSYS.  Some functions are actually named
|     something starting with __ and the normal name is an alias.  */
| #if defined __stub_fseek64 || defined __stub___fseek64
| choke me
| #endif
| 
| int
| main (void)
| {
| return fseek64 ();
|   ;
|   return 0;
| }
configure:21984: result: no
configure:21996: checking for fseeko64
configure:21996: /workspace/bochs-wasm-poc/emsdk/upstream/emscripten/emcc -o conftest -O2 -s WASM=1 -s ASYNCIFY=1 -s ALLOW_MEMORY_GROWTH=1 -s TOTAL_MEMORY=31457280 -sNO_EXIT_RUNTIME=1 -sFORCE_FILESYSTEM=1 -D__GNU__   conftest.c  >&5
wasm-ld: warning: function signature mismatch: fseeko64
>>> defined as () -> i32 in /tmp/emscripten_temp_4zm0kz68/conftest_0.o
>>> defined as (i32, i64, i32) -> i32 in /workspace/bochs-wasm-poc/emsdk/upstream/emscripten/cache/sysroot/lib/wasm32-emscripten/libc.a(fseek.o)
configure:21996: $? = 0
configure:21996: result: yes
configure:22005: checking for ssize_t
configure:22005: /workspace/bochs-wasm-poc/emsdk/upstream/emscripten/emcc -c -O2 -s WASM=1 -s ASYNCIFY=1 -s ALLOW_MEMORY_GROWTH=1 -s TOTAL_MEMORY=31457280 -sNO_EXIT_RUNTIME=1 -sFORCE_FILESYSTEM=1 -D__GNU__  conftest.c >&5
emcc: warning: linker setting ignored during compilation: 'WASM' [-Wunused-command-line-argument]
emcc: warning: linker setting ignored during compilation: 'ASYNCIFY' [-Wunused-command-line-argument]
emcc: warning: linker setting ignored during compilation: 'ALLOW_MEMORY_GROWTH' [-Wunused-command-line-argument]
emcc: warning: linker setting ignored during compilation: 'TOTAL_MEMORY' [-Wunused-command-line-argument]
emcc: warning: linker setting ignored during compilation: 'EXIT_RUNTIME' [-Wunused-command-line-argument]
emcc: warning: linker setting ignored during compilation: 'FORCE_FILESYSTEM' [-Wunused-command-line-argument]
configure:22005: $? = 0
configure:22005: /workspace/bochs-wasm-poc/emsdk/upstream/emscripten/emcc -c -O2 -s WASM=1 -s ASYNCIFY=1 -s ALLOW_MEMORY_GROWTH=1 -s TOTAL_MEMORY=31457280 -sNO_EXIT_RUNTIME=1 -sFORCE_FILESYSTEM=1 -D__GNU__  conftest.c >&5
emcc: warning: linker setting ignored during compilation: 'WASM' [-Wunused-command-line-argument]
emcc: warning: linker setting ignored during compilation: 'ASYNCIFY' [-Wunused-command-line-argument]
emcc: warning: linker setting ignored during compilation: 'ALLOW_MEMORY_GROWTH' [-Wunused-command-line-argument]
emcc: warning: linker setting ignored during compilation: 'TOTAL_MEMORY' [-Wunused-command-line-argument]
emcc: warning: linker setting ignored during compilation: 'EXIT_RUNTIME' [-Wunused-command-line-argument]
emcc: warning: linker setting ignored during compilation: 'FORCE_FILESYSTEM' [-Wunused-command-line-argument]
conftest.c:87:22: error: expected expression
if (sizeof ((ssize_t)))
                     ^
1 error generated.
emcc: error: '/workspace/bochs-wasm-poc/emsdk/upstream/bin/clang -target wasm32-unknown-emscripten -fignore-exceptions -fvisibility=default -mllvm -combiner-global-alias-analysis=false -mllvm -enable-emscripten-sjlj -mllvm -disable-lsr -DEMSCRIPTEN -Werror=implicit-function-declaration --sysroot=/workspace/bochs-wasm-poc/emsdk/upstream/emscripten/cache/sysroot -Xclang -iwithsysroot/include/fakesdl -Xclang -iwithsysroot/include/compat -c -O2 -D__GNU__ conftest.c -o conftest.o' failed (returned 1)
configure:22005: $? = 1
configure: failed program was:
| /* confdefs.h */
| #define PACKAGE_NAME ""
| #define PACKAGE_TARNAME ""
| #define PACKAGE_VERSION ""
| #define PACKAGE_STRING ""
| #define PACKAGE_BUGREPORT ""
| #define PACKAGE_URL ""
| #define HAVE_STDIO_H 1
| #define HAVE_STDLIB_H 1
| #define HAVE_STRING_H 1
| #define HAVE_INTTYPES_H 1
| #define HAVE_STDINT_H 1
| #define HAVE_STRINGS_H 1
| #define HAVE_SYS_STAT_H 1
| #define HAVE_SYS_TYPES_H 1
| #define HAVE_UNISTD_H 1
| #define STDC_HEADERS 1
| #define HAVE_DLFCN_H 1
| #define HAVE_DIRENT_H 1
| #define LTDL_SHLIB_EXT ".so"
| #define LTDL_SYSSEARCHPATH "/lib:/usr/lib"
| #define LTDL_OBJDIR ".libs/"
| #define HAVE_LIBDL 1
| #define HAVE_DLERROR 1
| #define LTDL_DLOPEN_DEPLIBS 1
| #define error_t int
| #define HAVE_ASSERT_H 1
| #define HAVE_CTYPE_H 1
| #define HAVE_ERRNO_H 1
| #define HAVE_MALLOC_H 1
| #define HAVE_MEMORY_H 1
| #define HAVE_STDLIB_H 1
| #define HAVE_STDIO_H 1
| #define HAVE_UNISTD_H 1
| #define HAVE_STRING_H 1
| #define HAVE_STRCHR 1
| #define HAVE_STRRCHR 1
| #define HAVE_MEMCPY 1
| #define HAVE_MEMMOVE 1
| #define HAVE_STRCMP 1
| #define HAVE_CLOSEDIR 1
| #define HAVE_OPENDIR 1
| #define HAVE_READDIR 1
| #define X_DISPLAY_MISSING 1
| #define SIZEOF_UNSIGNED_CHAR 1
| #define SIZEOF_UNSIGNED_SHORT 2
| #define SIZEOF_UNSIGNED_INT 4
| #define SIZEOF_UNSIGNED_LONG 4
| #define SIZEOF_UNSIGNED_LONG_LONG 8
| #define SIZEOF_INT_P 4
| #define HAVE_GETENV 1
| #define BX_HAVE_GETENV 1
| #define HAVE_SETENV 1
| #define BX_HAVE_SETENV 1
| #define HAVE_SNPRINTF 1
| #define BX_HAVE_SNPRINTF 1
| #define HAVE_VSNPRINTF 1
| #define BX_HAVE_VSNPRINTF 1
| #define HAVE_SELECT 1
| #define BX_HAVE_SELECT 1
| #define BX_HAVE_SOCKLEN_T 1
| #define HAVE_STRTOULL 1
| #define BX_HAVE_STRTOULL 1
| #define HAVE_STRDUP 1
| #define BX_HAVE_STRDUP 1
| #define HAVE_STRCASECMP 1
| #define BX_HAVE_STRCASECMP 1
| #define HAVE_MKSTEMP 1
| #define BX_HAVE_MKSTEMP 1
| #define BX_HAVE_SYS_MMAN_H 1
| #define HAVE_GETTIMEOFDAY 1
| #define BX_HAVE_GETTIMEOFDAY 1
| #define HAVE_USLEEP 1
| #define BX_HAVE_USLEEP 1
| #define BX_HAVE___BUILTIN_BSWAP32 1
| #define BX_HAVE___BUILTIN_BSWAP64 1
| #define HAVE_TMPFILE64 1
| #define BX_HAVE_TMPFILE64 1
| #define HAVE_FSEEKO64 1
| #define BX_HAVE_FSEEKO64 1
| /* end confdefs.h.  */
| #include <sys/types.h>
| 
| int
| main (void)
| {
| if (sizeof ((ssize_t)))
| 	    return 0;
|   ;
|   return 0;
| }
configure:22005: result: yes
configure:22063: checking for sleep
configure:22063: /workspace/bochs-wasm-poc/emsdk/upstream/emscripten/emcc -o conftest -O2 -s WASM=1 -s ASYNCIFY=1 -s ALLOW_MEMORY_GROWTH=1 -s TOTAL_MEMORY=31457280 -sNO_EXIT_RUNTIME=1 -sFORCE_FILESYSTEM=1 -D__GNU__   conftest.c  >&5
wasm-ld: warning: function signature mismatch: sleep
>>> defined as () -> i32 in /tmp/emscripten_temp_zhv3amwf/conftest_0.o
>>> defined as (i32) -> i32 in /workspace/bochs-wasm-poc/emsdk/upstream/emscripten/cache/sysroot/lib/wasm32-emscripten/libc.a(sleep.o)
configure:22063: $? = 0
configure:22063: result: yes
configure:22075: checking for nanosleep
configure:22075: /workspace/bochs-wasm-poc/emsdk/upstream/emscripten/emcc -o conftest -O2 -s WASM=1 -s ASYNCIFY=1 -s ALLOW_MEMORY_GROWTH=1 -s TOTAL_MEMORY=31457280 -sNO_EXIT_RUNTIME=1 -sFORCE_FILESYSTEM=1 -D__GNU__   conftest.c  >&5
wasm-ld: warning: function signature mismatch: nanosleep
>>> defined as () -> i32 in /tmp/emscripten_temp_mu3f_k3a/conftest_0.o
>>> defined as (i32, i32) -> i32 in /workspace/bochs-wasm-poc/emsdk/upstream/emscripten/cache/sysroot/lib/wasm32-emscripten/libc.a(nanosleep.o)
configure:22075: $? = 0
configure:22075: result: yes
configure:22087: checking for abort
configure:22087: /workspace/bochs-wasm-poc/emsdk/upstream/emscripten/emcc -o conftest -O2 -s WASM=1 -s ASYNCIFY=1 -s ALLOW_MEMORY_GROWTH=1 -s TOTAL_MEMORY=31457280 -sNO_EXIT_RUNTIME=1 -sFORCE_FILESYSTEM=1 -D__GNU__   conftest.c  >&5
conftest.c:103:6: warning: incompatible redeclaration of library function 'abort' [-Wincompatible-library-redeclaration]
char abort ();
     ^
conftest.c:103:6: note: 'abort' is a builtin with type 'void (void) __attribute__((noreturn))'
1 warning generated.
configure:22087: $? = 0
configure:22087: result: yes
configure:22096: checking for struct sockaddr_in.sin_len
configure:22096: /workspace/bochs-wasm-poc/emsdk/upstream/emscripten/emcc -c -O2 -s WASM=1 -s ASYNCIFY=1 -s ALLOW_MEMORY_GROWTH=1 -s TOTAL_MEMORY=31457280 -sNO_EXIT_RUNTIME=1 -sFORCE_FILESYSTEM=1 -D__GNU__  conftest.c >&5
emcc: warning: linker setting ignored during compilation: 'WASM' [-Wunused-command-line-argument]
emcc: warning: linker setting ignored during compilation: 'ASYNCIFY' [-Wunused-command-line-argument]
emcc: warning: linker setting ignored during compilation: 'ALLOW_MEMORY_GROWTH' [-Wunused-command-line-argument]
emcc: warning: linker setting ignored during compilation: 'TOTAL_MEMORY' [-Wunused-command-line-argument]
emcc: warning: linker setting ignored during compilation: 'EXIT_RUNTIME' [-Wunused-command-line-argument]
emcc: warning: linker setting ignored during compilation: 'FORCE_FILESYSTEM' [-Wunused-command-line-argument]
conftest.c:96:13: error: no member named 'sin_len' in 'struct sockaddr_in'
if (ac_aggr.sin_len)
    ~~~~~~~ ^
1 error generated.
emcc: error: '/workspace/bochs-wasm-poc/emsdk/upstream/bin/clang -target wasm32-unknown-emscripten -fignore-exceptions -fvisibility=default -mllvm -combiner-global-alias-analysis=false -mllvm -enable-emscripten-sjlj -mllvm -disable-lsr -DEMSCRIPTEN -Werror=implicit-function-declaration --sysroot=/workspace/bochs-wasm-poc/emsdk/upstream/emscripten/cache/sysroot -Xclang -iwithsysroot/include/fakesdl -Xclang -iwithsysroot/include/compat -c -O2 -D__GNU__ conftest.c -o conftest.o' failed (returned 1)
configure:22096: $? = 1
configure: failed program was:
| /* confdefs.h */
| #define PACKAGE_NAME ""
| #define PACKAGE_TARNAME ""
| #define PACKAGE_VERSION ""
| #define PACKAGE_STRING ""
| #define PACKAGE_BUGREPORT ""
| #define PACKAGE_URL ""
| #define HAVE_STDIO_H 1
| #define HAVE_STDLIB_H 1
| #define HAVE_STRING_H 1
| #define HAVE_INTTYPES_H 1
| #define HAVE_STDINT_H 1
| #define HAVE_STRINGS_H 1
| #define HAVE_SYS_STAT_H 1
| #define HAVE_SYS_TYPES_H 1
| #define HAVE_UNISTD_H 1
| #define STDC_HEADERS 1
| #define HAVE_DLFCN_H 1
| #define HAVE_DIRENT_H 1
| #define LTDL_SHLIB_EXT ".so"
| #define LTDL_SYSSEARCHPATH "/lib:/usr/lib"
| #define LTDL_OBJDIR ".libs/"
| #define HAVE_LIBDL 1
| #define HAVE_DLERROR 1
| #define LTDL_DLOPEN_DEPLIBS 1
| #define error_t int
| #define HAVE_ASSERT_H 1
| #define HAVE_CTYPE_H 1
| #define HAVE_ERRNO_H 1
| #define HAVE_MALLOC_H 1
| #define HAVE_MEMORY_H 1
| #define HAVE_STDLIB_H 1
| #define HAVE_STDIO_H 1
| #define HAVE_UNISTD_H 1
| #define HAVE_STRING_H 1
| #define HAVE_STRCHR 1
| #define HAVE_STRRCHR 1
| #define HAVE_MEMCPY 1
| #define HAVE_MEMMOVE 1
| #define HAVE_STRCMP 1
| #define HAVE_CLOSEDIR 1
| #define HAVE_OPENDIR 1
| #define HAVE_READDIR 1
| #define X_DISPLAY_MISSING 1
| #define SIZEOF_UNSIGNED_CHAR 1
| #define SIZEOF_UNSIGNED_SHORT 2
| #define SIZEOF_UNSIGNED_INT 4
| #define SIZEOF_UNSIGNED_LONG 4
| #define SIZEOF_UNSIGNED_LONG_LONG 8
| #define SIZEOF_INT_P 4
| #define HAVE_GETENV 1
| #define BX_HAVE_GETENV 1
| #define HAVE_SETENV 1
| #define BX_HAVE_SETENV 1
| #define HAVE_SNPRINTF 1
| #define BX_HAVE_SNPRINTF 1
| #define HAVE_VSNPRINTF 1
| #define BX_HAVE_VSNPRINTF 1
| #define HAVE_SELECT 1
| #define BX_HAVE_SELECT 1
| #define BX_HAVE_SOCKLEN_T 1
| #define HAVE_STRTOULL 1
| #define BX_HAVE_STRTOULL 1
| #define HAVE_STRDUP 1
| #define BX_HAVE_STRDUP 1
| #define HAVE_STRCASECMP 1
| #define BX_HAVE_STRCASECMP 1
| #define HAVE_MKSTEMP 1
| #define BX_HAVE_MKSTEMP 1
| #define BX_HAVE_SYS_MMAN_H 1
| #define HAVE_GETTIMEOFDAY 1
| #define BX_HAVE_GETTIMEOFDAY 1
| #define HAVE_USLEEP 1
| #define BX_HAVE_USLEEP 1
| #define BX_HAVE___BUILTIN_BSWAP32 1
| #define BX_HAVE___BUILTIN_BSWAP64 1
| #define HAVE_TMPFILE64 1
| #define BX_HAVE_TMPFILE64 1
| #define HAVE_FSEEKO64 1
| #define BX_HAVE_FSEEKO64 1
| #define BX_HAVE_SSIZE_T 1
| #define HAVE_SLEEP 1
| #define BX_HAVE_SLEEP 1
| #define HAVE_NANOSLEEP 1
| #define BX_HAVE_NANOSLEEP 1
| #define HAVE_ABORT 1
| #define BX_HAVE_ABORT 1
| /* end confdefs.h.  */
| #include <sys/socket.h>
| #include <netinet/in.h>
| 
| int
| main (void)
| {
| static struct sockaddr_in ac_aggr;
| if (ac_aggr.sin_len)
| return 0;
|   ;
|   return 0;
| }
configure:22096: /workspace/bochs-wasm-poc/emsdk/upstream/emscripten/emcc -c -O2 -s WASM=1 -s ASYNCIFY=1 -s ALLOW_MEMORY_GROWTH=1 -s TOTAL_MEMORY=31457280 -sNO_EXIT_RUNTIME=1 -sFORCE_FILESYSTEM=1 -D__GNU__  conftest.c >&5
emcc: warning: linker setting ignored during compilation: 'WASM' [-Wunused-command-line-argument]
emcc: warning: linker setting ignored during compilation: 'ASYNCIFY' [-Wunused-command-line-argument]
emcc: warning: linker setting ignored during compilation: 'ALLOW_MEMORY_GROWTH' [-Wunused-command-line-argument]
emcc: warning: linker setting ignored during compilation: 'TOTAL_MEMORY' [-Wunused-command-line-argument]
emcc: warning: linker setting ignored during compilation: 'EXIT_RUNTIME' [-Wunused-command-line-argument]
emcc: warning: linker setting ignored during compilation: 'FORCE_FILESYSTEM' [-Wunused-command-line-argument]
conftest.c:96:20: error: no member named 'sin_len' in 'struct sockaddr_in'
if (sizeof ac_aggr.sin_len)
           ~~~~~~~ ^
1 error generated.
emcc: error: '/workspace/bochs-wasm-poc/emsdk/upstream/bin/clang -target wasm32-unknown-emscripten -fignore-exceptions -fvisibility=default -mllvm -combiner-global-alias-analysis=false -mllvm -enable-emscripten-sjlj -mllvm -disable-lsr -DEMSCRIPTEN -Werror=implicit-function-declaration --sysroot=/workspace/bochs-wasm-poc/emsdk/upstream/emscripten/cache/sysroot -Xclang -iwithsysroot/include/fakesdl -Xclang -iwithsysroot/include/compat -c -O2 -D__GNU__ conftest.c -o conftest.o' failed (returned 1)
configure:22096: $? = 1
configure: failed program was:
| /* confdefs.h */
| #define PACKAGE_NAME ""
| #define PACKAGE_TARNAME ""
| #define PACKAGE_VERSION ""
| #define PACKAGE_STRING ""
| #define PACKAGE_BUGREPORT ""
| #define PACKAGE_URL ""
| #define HAVE_STDIO_H 1
| #define HAVE_STDLIB_H 1
| #define HAVE_STRING_H 1
| #define HAVE_INTTYPES_H 1
| #define HAVE_STDINT_H 1
| #define HAVE_STRINGS_H 1
| #define HAVE_SYS_STAT_H 1
| #define HAVE_SYS_TYPES_H 1
| #define HAVE_UNISTD_H 1
| #define STDC_HEADERS 1
| #define HAVE_DLFCN_H 1
| #define HAVE_DIRENT_H 1
| #define LTDL_SHLIB_EXT ".so"
| #define LTDL_SYSSEARCHPATH "/lib:/usr/lib"
| #define LTDL_OBJDIR ".libs/"
| #define HAVE_LIBDL 1
| #define HAVE_DLERROR 1
| #define LTDL_DLOPEN_DEPLIBS 1
| #define error_t int
| #define HAVE_ASSERT_H 1
| #define HAVE_CTYPE_H 1
| #define HAVE_ERRNO_H 1
| #define HAVE_MALLOC_H 1
| #define HAVE_MEMORY_H 1
| #define HAVE_STDLIB_H 1
| #define HAVE_STDIO_H 1
| #define HAVE_UNISTD_H 1
| #define HAVE_STRING_H 1
| #define HAVE_STRCHR 1
| #define HAVE_STRRCHR 1
| #define HAVE_MEMCPY 1
| #define HAVE_MEMMOVE 1
| #define HAVE_STRCMP 1
| #define HAVE_CLOSEDIR 1
| #define HAVE_OPENDIR 1
| #define HAVE_READDIR 1
| #define X_DISPLAY_MISSING 1
| #define SIZEOF_UNSIGNED_CHAR 1
| #define SIZEOF_UNSIGNED_SHORT 2
| #define SIZEOF_UNSIGNED_INT 4
| #define SIZEOF_UNSIGNED_LONG 4
| #define SIZEOF_UNSIGNED_LONG_LONG 8
| #define SIZEOF_INT_P 4
| #define HAVE_GETENV 1
| #define BX_HAVE_GETENV 1
| #define HAVE_SETENV 1
| #define BX_HAVE_SETENV 1
| #define HAVE_SNPRINTF 1
| #define BX_HAVE_SNPRINTF 1
| #define HAVE_VSNPRINTF 1
| #define BX_HAVE_VSNPRINTF 1
| #define HAVE_SELECT 1
| #define BX_HAVE_SELECT 1
| #define BX_HAVE_SOCKLEN_T 1
| #define HAVE_STRTOULL 1
| #define BX_HAVE_STRTOULL 1
| #define HAVE_STRDUP 1
| #define BX_HAVE_STRDUP 1
| #define HAVE_STRCASECMP 1
| #define BX_HAVE_STRCASECMP 1
| #define HAVE_MKSTEMP 1
| #define BX_HAVE_MKSTEMP 1
| #define BX_HAVE_SYS_MMAN_H 1
| #define HAVE_GETTIMEOFDAY 1
| #define BX_HAVE_GETTIMEOFDAY 1
| #define HAVE_USLEEP 1
| #define BX_HAVE_USLEEP 1
| #define BX_HAVE___BUILTIN_BSWAP32 1
| #define BX_HAVE___BUILTIN_BSWAP64 1
| #define HAVE_TMPFILE64 1
| #define BX_HAVE_TMPFILE64 1
| #define HAVE_FSEEKO64 1
| #define BX_HAVE_FSEEKO64 1
| #define BX_HAVE_SSIZE_T 1
| #define HAVE_SLEEP 1
| #define BX_HAVE_SLEEP 1
| #define HAVE_NANOSLEEP 1
| #define BX_HAVE_NANOSLEEP 1
| #define HAVE_ABORT 1
| #define BX_HAVE_ABORT 1
| /* end confdefs.h.  */
| #include <sys/socket.h>
| #include <netinet/in.h>
| 
| int
| main (void)
| {
| static struct sockaddr_in ac_aggr;
| if (sizeof ac_aggr.sin_len)
| return 0;
|   ;
|   return 0;
| }
configure:22096: result: no
configure:22108: checking for timelocal
configure:22108: /workspace/bochs-wasm-poc/emsdk/upstream/emscripten/emcc -o conftest -O2 -s WASM=1 -s ASYNCIFY=1 -s ALLOW_MEMORY_GROWTH=1 -s TOTAL_MEMORY=31457280 -sNO_EXIT_RUNTIME=1 -sFORCE_FILESYSTEM=1 -D__GNU__   conftest.c  >&5
wasm-ld: error: /tmp/emscripten_temp_adxfb3er/conftest_0.o: undefined symbol: timelocal
emcc: error: '/workspace/bochs-wasm-poc/emsdk/upstream/bin/wasm-ld -o conftest.wasm /tmp/emscripten_temp_adxfb3er/conftest_0.o -L/workspace/bochs-wasm-poc/emsdk/upstream/emscripten/cache/sysroot/lib/wasm32-emscripten -lGL -lal -lhtml5 -lstubs -lc -ldlmalloc -lcompiler_rt -lc++-noexcept -lc++abi-noexcept -lsockets -mllvm -combiner-global-alias-analysis=false -mllvm -enable-emscripten-sjlj -mllvm -disable-lsr /tmp/tmpoi9l43qdlibemscripten_js_symbols.so --export-if-defined=main --export-if-defined=__start_em_asm --export-if-defined=__stop_em_asm --export-if-defined=__start_em_lib_deps --export-if-defined=__stop_em_lib_deps --export-if-defined=__start_em_js --export-if-defined=__stop_em_js --export-if-defined=__main_argc_argv --export-if-defined=fflush --export=emscripten_stack_get_base --export=emscripten_stack_get_end --export=emscripten_stack_set_limits --export=stackSave --export=stackRestore --export=stackAlloc --export=__errno_location --export=__get_temp_ret --export=__set_temp_ret --export=__funcs_on_exit --export=malloc --export=free --export=__wasm_call_ctors --export-table -z stack-size=65536 --initial-memory=31457280 --no-entry --max-memory=2147483648 --global-base=1024' failed (returned 1)
configure:22108: $? = 1
configure: failed program was:
| /* confdefs.h */
| #define PACKAGE_NAME ""
| #define PACKAGE_TARNAME ""
| #define PACKAGE_VERSION ""
| #define PACKAGE_STRING ""
| #define PACKAGE_BUGREPORT ""
| #define PACKAGE_URL ""
| #define HAVE_STDIO_H 1
| #define HAVE_STDLIB_H 1
| #define HAVE_STRING_H 1
| #define HAVE_INTTYPES_H 1
| #define HAVE_STDINT_H 1
| #define HAVE_STRINGS_H 1
| #define HAVE_SYS_STAT_H 1
| #define HAVE_SYS_TYPES_H 1
| #define HAVE_UNISTD_H 1
| #define STDC_HEADERS 1
| #define HAVE_DLFCN_H 1
| #define HAVE_DIRENT_H 1
| #define LTDL_SHLIB_EXT ".so"
| #define LTDL_SYSSEARCHPATH "/lib:/usr/lib"
| #define LTDL_OBJDIR ".libs/"
| #define HAVE_LIBDL 1
| #define HAVE_DLERROR 1
| #define LTDL_DLOPEN_DEPLIBS 1
| #define error_t int
| #define HAVE_ASSERT_H 1
| #define HAVE_CTYPE_H 1
| #define HAVE_ERRNO_H 1
| #define HAVE_MALLOC_H 1
| #define HAVE_MEMORY_H 1
| #define HAVE_STDLIB_H 1
| #define HAVE_STDIO_H 1
| #define HAVE_UNISTD_H 1
| #define HAVE_STRING_H 1
| #define HAVE_STRCHR 1
| #define HAVE_STRRCHR 1
| #define HAVE_MEMCPY 1
| #define HAVE_MEMMOVE 1
| #define HAVE_STRCMP 1
| #define HAVE_CLOSEDIR 1
| #define HAVE_OPENDIR 1
| #define HAVE_READDIR 1
| #define X_DISPLAY_MISSING 1
| #define SIZEOF_UNSIGNED_CHAR 1
| #define SIZEOF_UNSIGNED_SHORT 2
| #define SIZEOF_UNSIGNED_INT 4
| #define SIZEOF_UNSIGNED_LONG 4
| #define SIZEOF_UNSIGNED_LONG_LONG 8
| #define SIZEOF_INT_P 4
| #define HAVE_GETENV 1
| #define BX_HAVE_GETENV 1
| #define HAVE_SETENV 1
| #define BX_HAVE_SETENV 1
| #define HAVE_SNPRINTF 1
| #define BX_HAVE_SNPRINTF 1
| #define HAVE_VSNPRINTF 1
| #define BX_HAVE_VSNPRINTF 1
| #define HAVE_SELECT 1
| #define BX_HAVE_SELECT 1
| #define BX_HAVE_SOCKLEN_T 1
| #define HAVE_STRTOULL 1
| #define BX_HAVE_STRTOULL 1
| #define HAVE_STRDUP 1
| #define BX_HAVE_STRDUP 1
| #define HAVE_STRCASECMP 1
| #define BX_HAVE_STRCASECMP 1
| #define HAVE_MKSTEMP 1
| #define BX_HAVE_MKSTEMP 1
| #define BX_HAVE_SYS_MMAN_H 1
| #define HAVE_GETTIMEOFDAY 1
| #define BX_HAVE_GETTIMEOFDAY 1
| #define HAVE_USLEEP 1
| #define BX_HAVE_USLEEP 1
| #define BX_HAVE___BUILTIN_BSWAP32 1
| #define BX_HAVE___BUILTIN_BSWAP64 1
| #define HAVE_TMPFILE64 1
| #define BX_HAVE_TMPFILE64 1
| #define HAVE_FSEEKO64 1
| #define BX_HAVE_FSEEKO64 1
| #define BX_HAVE_SSIZE_T 1
| #define HAVE_SLEEP 1
| #define BX_HAVE_SLEEP 1
| #define HAVE_NANOSLEEP 1
| #define BX_HAVE_NANOSLEEP 1
| #define HAVE_ABORT 1
| #define BX_HAVE_ABORT 1
| /* end confdefs.h.  */
| /* Define timelocal to an innocuous variant, in case <limits.h> declares timelocal.
|    For example, HP-UX 11i <limits.h> declares gettimeofday.  */
| #define timelocal innocuous_timelocal
| 
| /* System header to define __stub macros and hopefully few prototypes,
|    which can conflict with char timelocal (); below.  */
| 
| #include <limits.h>
| #undef timelocal
| 
| /* Override any GCC internal prototype to avoid an error.
|    Use char because int might match the return type of a GCC
|    builtin and then its argument prototype would still apply.  */
| #ifdef __cplusplus
| extern "C"
| #endif
| char timelocal ();
| /* The GNU C library defines this for functions which it implements
|     to always fail with ENOSYS.  Some functions are actually named
|     something starting with __ and the normal name is an alias.  */
| #if defined __stub_timelocal || defined __stub___timelocal
| choke me
| #endif
| 
| int
| main (void)
| {
| return timelocal ();
|   ;
|   return 0;
| }
configure:22108: result: no
configure:22120: checking for gmtime
configure:22120: /workspace/bochs-wasm-poc/emsdk/upstream/emscripten/emcc -o conftest -O2 -s WASM=1 -s ASYNCIFY=1 -s ALLOW_MEMORY_GROWTH=1 -s TOTAL_MEMORY=31457280 -sNO_EXIT_RUNTIME=1 -sFORCE_FILESYSTEM=1 -D__GNU__   conftest.c  >&5
wasm-ld: warning: function signature mismatch: gmtime
>>> defined as () -> i32 in /tmp/emscripten_temp_hznhmnn3/conftest_0.o
>>> defined as (i32) -> i32 in /workspace/bochs-wasm-poc/emsdk/upstream/emscripten/cache/sysroot/lib/wasm32-emscripten/libc.a(gmtime.o)
configure:22120: $? = 0
configure:22120: result: yes
configure:22132: checking for mktime
configure:22132: /workspace/bochs-wasm-poc/emsdk/upstream/emscripten/emcc -o conftest -O2 -s WASM=1 -s ASYNCIFY=1 -s ALLOW_MEMORY_GROWTH=1 -s TOTAL_MEMORY=31457280 -sNO_EXIT_RUNTIME=1 -sFORCE_FILESYSTEM=1 -D__GNU__   conftest.c  >&5
wasm-ld: warning: function signature mismatch: mktime
>>> defined as () -> i32 in /tmp/emscripten_temp_z71wrf75/conftest_0.o
>>> defined as (i32) -> i64 in /workspace/bochs-wasm-poc/emsdk/upstream/emscripten/cache/sysroot/lib/wasm32-emscripten/libc.a(mktime.o)
configure:22132: $? = 0
configure:22132: result: yes
configure:22151: checking for _FILE_OFFSET_BITS value needed for large files
configure:22173: /workspace/bochs-wasm-poc/emsdk/upstream/emscripten/emcc -c -O2 -s WASM=1 -s ASYNCIFY=1 -s ALLOW_MEMORY_GROWTH=1 -s TOTAL_MEMORY=31457280 -sNO_EXIT_RUNTIME=1 -sFORCE_FILESYSTEM=1 -D__GNU__  conftest.c >&5
emcc: warning: linker setting ignored during compilation: 'WASM' [-Wunused-command-line-argument]
emcc: warning: linker setting ignored during compilation: 'ASYNCIFY' [-Wunused-command-line-argument]
emcc: warning: linker setting ignored during compilation: 'ALLOW_MEMORY_GROWTH' [-Wunused-command-line-argument]
emcc: warning: linker setting ignored during compilation: 'TOTAL_MEMORY' [-Wunused-command-line-argument]
emcc: warning: linker setting ignored during compilation: 'EXIT_RUNTIME' [-Wunused-command-line-argument]
emcc: warning: linker setting ignored during compilation: 'FORCE_FILESYSTEM' [-Wunused-command-line-argument]
configure:22173: $? = 0
configure:22183: result: 64
configure:22237: checking if large file support is available
configure:22243: result: yes
configure:22262: checking if compiler allows __attribute__
configure:22275: /workspace/bochs-wasm-poc/emsdk/upstream/emscripten/emcc -c -O2 -s WASM=1 -s ASYNCIFY=1 -s ALLOW_MEMORY_GROWTH=1 -s TOTAL_MEMORY=31457280 -sNO_EXIT_RUNTIME=1 -sFORCE_FILESYSTEM=1 -D__GNU__ -D_FILE_OFFSET_BITS=64 -D_LARGE_FILES  -D_FILE_OFFSET_BITS=64 -D_LARGE_FILES conftest.c >&5
emcc: warning: linker setting ignored during compilation: 'WASM' [-Wunused-command-line-argument]
emcc: warning: linker setting ignored during compilation: 'ASYNCIFY' [-Wunused-command-line-argument]
emcc: warning: linker setting ignored during compilation: 'ALLOW_MEMORY_GROWTH' [-Wunused-command-line-argument]
emcc: warning: linker setting ignored during compilation: 'TOTAL_MEMORY' [-Wunused-command-line-argument]
emcc: warning: linker setting ignored during compilation: 'EXIT_RUNTIME' [-Wunused-command-line-argument]
emcc: warning: linker setting ignored during compilation: 'FORCE_FILESYSTEM' [-Wunused-command-line-argument]
configure:22275: $? = 0
configure:22277: result: yes
configure:22296: checking for set
configure:22309: /workspace/bochs-wasm-poc/emsdk/upstream/emscripten/em++ -c -O2 -s WASM=1 -s ASYNCIFY=1 -s ALLOW_MEMORY_GROWTH=1 -s TOTAL_MEMORY=31457280 -sNO_EXIT_RUNTIME=1 -sFORCE_FILESYSTEM=1 -D__GNU__ -D_FILE_OFFSET_BITS=64 -D_LARGE_FILES  -D_FILE_OFFSET_BITS=64 -D_LARGE_FILES conftest.cpp >&5
em++: warning: linker setting ignored during compilation: 'WASM' [-Wunused-command-line-argument]
em++: warning: linker setting ignored during compilation: 'ASYNCIFY' [-Wunused-command-line-argument]
em++: warning: linker setting ignored during compilation: 'ALLOW_MEMORY_GROWTH' [-Wunused-command-line-argument]
em++: warning: linker setting ignored during compilation: 'TOTAL_MEMORY' [-Wunused-command-line-argument]
em++: warning: linker setting ignored during compilation: 'EXIT_RUNTIME' [-Wunused-command-line-argument]
em++: warning: linker setting ignored during compilation: 'FORCE_FILESYSTEM' [-Wunused-command-line-argument]
configure:22309: $? = 0
configure:22312: result: yes
configure:22322: checking for set.h
configure:22335: /workspace/bochs-wasm-poc/emsdk/upstream/emscripten/em++ -c -O2 -s WASM=1 -s ASYNCIFY=1 -s ALLOW_MEMORY_GROWTH=1 -s TOTAL_MEMORY=31457280 -sNO_EXIT_RUNTIME=1 -sFORCE_FILESYSTEM=1 -D__GNU__ -D_FILE_OFFSET_BITS=64 -D_LARGE_FILES  -D_FILE_OFFSET_BITS=64 -D_LARGE_FILES conftest.cpp >&5
em++: warning: linker setting ignored during compilation: 'WASM' [-Wunused-command-line-argument]
em++: warning: linker setting ignored during compilation: 'ASYNCIFY' [-Wunused-command-line-argument]
em++: warning: linker setting ignored during compilation: 'ALLOW_MEMORY_GROWTH' [-Wunused-command-line-argument]
em++: warning: linker setting ignored during compilation: 'TOTAL_MEMORY' [-Wunused-command-line-argument]
em++: warning: linker setting ignored during compilation: 'EXIT_RUNTIME' [-Wunused-command-line-argument]
em++: warning: linker setting ignored during compilation: 'FORCE_FILESYSTEM' [-Wunused-command-line-argument]
conftest.cpp:96:10: fatal error: 'set.h' file not found
#include <set.h>
         ^~~~~~~
1 error generated.
em++: error: '/workspace/bochs-wasm-poc/emsdk/upstream/bin/clang++ -target wasm32-unknown-emscripten -fignore-exceptions -fvisibility=default -mllvm -combiner-global-alias-analysis=false -mllvm -enable-emscripten-sjlj -mllvm -disable-lsr -DEMSCRIPTEN --sysroot=/workspace/bochs-wasm-poc/emsdk/upstream/emscripten/cache/sysroot -Xclang -iwithsysroot/include/fakesdl -Xclang -iwithsysroot/include/compat -c -O2 -D__GNU__ -D_FILE_OFFSET_BITS=64 -D_LARGE_FILES -D_FILE_OFFSET_BITS=64 -D_LARGE_FILES conftest.cpp -o conftest.o' failed (returned 1)
configure:22335: $? = 1
configure: failed program was:
| /* confdefs.h */
| #define PACKAGE_NAME ""
| #define PACKAGE_TARNAME ""
| #define PACKAGE_VERSION ""
| #define PACKAGE_STRING ""
| #define PACKAGE_BUGREPORT ""
| #define PACKAGE_URL ""
| #define HAVE_STDIO_H 1
| #define HAVE_STDLIB_H 1
| #define HAVE_STRING_H 1
| #define HAVE_INTTYPES_H 1
| #define HAVE_STDINT_H 1
| #define HAVE_STRINGS_H 1
| #define HAVE_SYS_STAT_H 1
| #define HAVE_SYS_TYPES_H 1
| #define HAVE_UNISTD_H 1
| #define STDC_HEADERS 1
| #define HAVE_DLFCN_H 1
| #define HAVE_DIRENT_H 1
| #define LTDL_SHLIB_EXT ".so"
| #define LTDL_SYSSEARCHPATH "/lib:/usr/lib"
| #define LTDL_OBJDIR ".libs/"
| #define HAVE_LIBDL 1
| #define HAVE_DLERROR 1
| #define LTDL_DLOPEN_DEPLIBS 1
| #define error_t int
| #define HAVE_ASSERT_H 1
| #define HAVE_CTYPE_H 1
| #define HAVE_ERRNO_H 1
| #define HAVE_MALLOC_H 1
| #define HAVE_MEMORY_H 1
| #define HAVE_STDLIB_H 1
| #define HAVE_STDIO_H 1
| #define HAVE_UNISTD_H 1
| #define HAVE_STRING_H 1
| #define HAVE_STRCHR 1
| #define HAVE_STRRCHR 1
| #define HAVE_MEMCPY 1
| #define HAVE_MEMMOVE 1
| #define HAVE_STRCMP 1
| #define HAVE_CLOSEDIR 1
| #define HAVE_OPENDIR 1
| #define HAVE_READDIR 1
| #define X_DISPLAY_MISSING 1
| #define SIZEOF_UNSIGNED_CHAR 1
| #define SIZEOF_UNSIGNED_SHORT 2
| #define SIZEOF_UNSIGNED_INT 4
| #define SIZEOF_UNSIGNED_LONG 4
| #define SIZEOF_UNSIGNED_LONG_LONG 8
| #define SIZEOF_INT_P 4
| #define HAVE_GETENV 1
| #define BX_HAVE_GETENV 1
| #define HAVE_SETENV 1
| #define BX_HAVE_SETENV 1
| #define HAVE_SNPRINTF 1
| #define BX_HAVE_SNPRINTF 1
| #define HAVE_VSNPRINTF 1
| #define BX_HAVE_VSNPRINTF 1
| #define HAVE_SELECT 1
| #define BX_HAVE_SELECT 1
| #define BX_HAVE_SOCKLEN_T 1
| #define HAVE_STRTOULL 1
| #define BX_HAVE_STRTOULL 1
| #define HAVE_STRDUP 1
| #define BX_HAVE_STRDUP 1
| #define HAVE_STRCASECMP 1
| #define BX_HAVE_STRCASECMP 1
| #define HAVE_MKSTEMP 1
| #define BX_HAVE_MKSTEMP 1
| #define BX_HAVE_SYS_MMAN_H 1
| #define HAVE_GETTIMEOFDAY 1
| #define BX_HAVE_GETTIMEOFDAY 1
| #define HAVE_USLEEP 1
| #define BX_HAVE_USLEEP 1
| #define BX_HAVE___BUILTIN_BSWAP32 1
| #define BX_HAVE___BUILTIN_BSWAP64 1
| #define HAVE_TMPFILE64 1
| #define BX_HAVE_TMPFILE64 1
| #define HAVE_FSEEKO64 1
| #define BX_HAVE_FSEEKO64 1
| #define BX_HAVE_SSIZE_T 1
| #define HAVE_SLEEP 1
| #define BX_HAVE_SLEEP 1
| #define HAVE_NANOSLEEP 1
| #define BX_HAVE_NANOSLEEP 1
| #define HAVE_ABORT 1
| #define BX_HAVE_ABORT 1
| #define HAVE_GMTIME 1
| #define BX_HAVE_GMTIME 1
| #define HAVE_MKTIME 1
| #define BX_HAVE_MKTIME 1
| #define _FILE_OFFSET_BITS 64
| #define HAVE_LARGEFILE_SUPPORT 1
| #define BX_HAVE_SET 1
| /* end confdefs.h.  */
| #include <set.h>
| int
| main (void)
| {
| 
|   ;
|   return 0;
| }
configure:22344: result: no
configure:22348: checking for map
configure:22361: /workspace/bochs-wasm-poc/emsdk/upstream/emscripten/em++ -c -O2 -s WASM=1 -s ASYNCIFY=1 -s ALLOW_MEMORY_GROWTH=1 -s TOTAL_MEMORY=31457280 -sNO_EXIT_RUNTIME=1 -sFORCE_FILESYSTEM=1 -D__GNU__ -D_FILE_OFFSET_BITS=64 -D_LARGE_FILES  -D_FILE_OFFSET_BITS=64 -D_LARGE_FILES conftest.cpp >&5
em++: warning: linker setting ignored during compilation: 'WASM' [-Wunused-command-line-argument]
em++: warning: linker setting ignored during compilation: 'ASYNCIFY' [-Wunused-command-line-argument]
em++: warning: linker setting ignored during compilation: 'ALLOW_MEMORY_GROWTH' [-Wunused-command-line-argument]
em++: warning: linker setting ignored during compilation: 'TOTAL_MEMORY' [-Wunused-command-line-argument]
em++: warning: linker setting ignored during compilation: 'EXIT_RUNTIME' [-Wunused-command-line-argument]
em++: warning: linker setting ignored during compilation: 'FORCE_FILESYSTEM' [-Wunused-command-line-argument]
configure:22361: $? = 0
configure:22364: result: yes
configure:22374: checking for map.h
configure:22387: /workspace/bochs-wasm-poc/emsdk/upstream/emscripten/em++ -c -O2 -s WASM=1 -s ASYNCIFY=1 -s ALLOW_MEMORY_GROWTH=1 -s TOTAL_MEMORY=31457280 -sNO_EXIT_RUNTIME=1 -sFORCE_FILESYSTEM=1 -D__GNU__ -D_FILE_OFFSET_BITS=64 -D_LARGE_FILES  -D_FILE_OFFSET_BITS=64 -D_LARGE_FILES conftest.cpp >&5
em++: warning: linker setting ignored during compilation: 'WASM' [-Wunused-command-line-argument]
em++: warning: linker setting ignored during compilation: 'ASYNCIFY' [-Wunused-command-line-argument]
em++: warning: linker setting ignored during compilation: 'ALLOW_MEMORY_GROWTH' [-Wunused-command-line-argument]
em++: warning: linker setting ignored during compilation: 'TOTAL_MEMORY' [-Wunused-command-line-argument]
em++: warning: linker setting ignored during compilation: 'EXIT_RUNTIME' [-Wunused-command-line-argument]
em++: warning: linker setting ignored during compilation: 'FORCE_FILESYSTEM' [-Wunused-command-line-argument]
conftest.cpp:97:10: fatal error: 'map.h' file not found
#include <map.h>
         ^~~~~~~
1 error generated.
em++: error: '/workspace/bochs-wasm-poc/emsdk/upstream/bin/clang++ -target wasm32-unknown-emscripten -fignore-exceptions -fvisibility=default -mllvm -combiner-global-alias-analysis=false -mllvm -enable-emscripten-sjlj -mllvm -disable-lsr -DEMSCRIPTEN --sysroot=/workspace/bochs-wasm-poc/emsdk/upstream/emscripten/cache/sysroot -Xclang -iwithsysroot/include/fakesdl -Xclang -iwithsysroot/include/compat -c -O2 -D__GNU__ -D_FILE_OFFSET_BITS=64 -D_LARGE_FILES -D_FILE_OFFSET_BITS=64 -D_LARGE_FILES conftest.cpp -o conftest.o' failed (returned 1)
configure:22387: $? = 1
configure: failed program was:
| /* confdefs.h */
| #define PACKAGE_NAME ""
| #define PACKAGE_TARNAME ""
| #define PACKAGE_VERSION ""
| #define PACKAGE_STRING ""
| #define PACKAGE_BUGREPORT ""
| #define PACKAGE_URL ""
| #define HAVE_STDIO_H 1
| #define HAVE_STDLIB_H 1
| #define HAVE_STRING_H 1
| #define HAVE_INTTYPES_H 1
| #define HAVE_STDINT_H 1
| #define HAVE_STRINGS_H 1
| #define HAVE_SYS_STAT_H 1
| #define HAVE_SYS_TYPES_H 1
| #define HAVE_UNISTD_H 1
| #define STDC_HEADERS 1
| #define HAVE_DLFCN_H 1
| #define HAVE_DIRENT_H 1
| #define LTDL_SHLIB_EXT ".so"
| #define LTDL_SYSSEARCHPATH "/lib:/usr/lib"
| #define LTDL_OBJDIR ".libs/"
| #define HAVE_LIBDL 1
| #define HAVE_DLERROR 1
| #define LTDL_DLOPEN_DEPLIBS 1
| #define error_t int
| #define HAVE_ASSERT_H 1
| #define HAVE_CTYPE_H 1
| #define HAVE_ERRNO_H 1
| #define HAVE_MALLOC_H 1
| #define HAVE_MEMORY_H 1
| #define HAVE_STDLIB_H 1
| #define HAVE_STDIO_H 1
| #define HAVE_UNISTD_H 1
| #define HAVE_STRING_H 1
| #define HAVE_STRCHR 1
| #define HAVE_STRRCHR 1
| #define HAVE_MEMCPY 1
| #define HAVE_MEMMOVE 1
| #define HAVE_STRCMP 1
| #define HAVE_CLOSEDIR 1
| #define HAVE_OPENDIR 1
| #define HAVE_READDIR 1
| #define X_DISPLAY_MISSING 1
| #define SIZEOF_UNSIGNED_CHAR 1
| #define SIZEOF_UNSIGNED_SHORT 2
| #define SIZEOF_UNSIGNED_INT 4
| #define SIZEOF_UNSIGNED_LONG 4
| #define SIZEOF_UNSIGNED_LONG_LONG 8
| #define SIZEOF_INT_P 4
| #define HAVE_GETENV 1
| #define BX_HAVE_GETENV 1
| #define HAVE_SETENV 1
| #define BX_HAVE_SETENV 1
| #define HAVE_SNPRINTF 1
| #define BX_HAVE_SNPRINTF 1
| #define HAVE_VSNPRINTF 1
| #define BX_HAVE_VSNPRINTF 1
| #define HAVE_SELECT 1
| #define BX_HAVE_SELECT 1
| #define BX_HAVE_SOCKLEN_T 1
| #define HAVE_STRTOULL 1
| #define BX_HAVE_STRTOULL 1
| #define HAVE_STRDUP 1
| #define BX_HAVE_STRDUP 1
| #define HAVE_STRCASECMP 1
| #define BX_HAVE_STRCASECMP 1
| #define HAVE_MKSTEMP 1
| #define BX_HAVE_MKSTEMP 1
| #define BX_HAVE_SYS_MMAN_H 1
| #define HAVE_GETTIMEOFDAY 1
| #define BX_HAVE_GETTIMEOFDAY 1
| #define HAVE_USLEEP 1
| #define BX_HAVE_USLEEP 1
| #define BX_HAVE___BUILTIN_BSWAP32 1
| #define BX_HAVE___BUILTIN_BSWAP64 1
| #define HAVE_TMPFILE64 1
| #define BX_HAVE_TMPFILE64 1
| #define HAVE_FSEEKO64 1
| #define BX_HAVE_FSEEKO64 1
| #define BX_HAVE_SSIZE_T 1
| #define HAVE_SLEEP 1
| #define BX_HAVE_SLEEP 1
| #define HAVE_NANOSLEEP 1
| #define BX_HAVE_NANOSLEEP 1
| #define HAVE_ABORT 1
| #define BX_HAVE_ABORT 1
| #define HAVE_GMTIME 1
| #define BX_HAVE_GMTIME 1
| #define HAVE_MKTIME 1
| #define BX_HAVE_MKTIME 1
| #define _FILE_OFFSET_BITS 64
| #define HAVE_LARGEFILE_SUPPORT 1
| #define BX_HAVE_SET 1
| #define BX_HAVE_MAP 1
| /* end confdefs.h.  */
| #include <map.h>
| int
| main (void)
| {
| 
|   ;
|   return 0;
| }
configure:22396: result: no
configure:22690: checking for idle hack
configure:22708: result: no
configure:22718: checking for dlfcn.h
configure:22718: result: yes
configure:22725: checking for assert.h
configure:22725: result: yes
configure:22733: checking for plugins support
configure:22827: result: no
configure:22901: checking if compiler allows LL for 64-bit constants
configure:22914: /workspace/bochs-wasm-poc/emsdk/upstream/emscripten/emcc -c -O2 -s WASM=1 -s ASYNCIFY=1 -s ALLOW_MEMORY_GROWTH=1 -s TOTAL_MEMORY=31457280 -sNO_EXIT_RUNTIME=1 -sFORCE_FILESYSTEM=1 -D__GNU__ -D_FILE_OFFSET_BITS=64 -D_LARGE_FILES  -D_FILE_OFFSET_BITS=64 -D_LARGE_FILES conftest.c >&5
emcc: warning: linker setting ignored during compilation: 'WASM' [-Wunused-command-line-argument]
emcc: warning: linker setting ignored during compilation: 'ASYNCIFY' [-Wunused-command-line-argument]
emcc: warning: linker setting ignored during compilation: 'ALLOW_MEMORY_GROWTH' [-Wunused-command-line-argument]
emcc: warning: linker setting ignored during compilation: 'TOTAL_MEMORY' [-Wunused-command-line-argument]
emcc: warning: linker setting ignored during compilation: 'EXIT_RUNTIME' [-Wunused-command-line-argument]
emcc: warning: linker setting ignored during compilation: 'FORCE_FILESYSTEM' [-Wunused-command-line-argument]
conftest.c:105:4: warning: expression result unused [-Wunused-value]
 { 42LL; }
   ^~~~
1 warning generated.
configure:22914: $? = 0
configure:22916: result: yes
configure:22928: checking for A20 support
configure:22947: result: yes
configure:22957: checking for x86-64 support
configure:22963: result: yes
configure:22991: checking for SMP support
configure:23013: result: no
configure:23022: checking for cpu level
configure:23070: result: 6
configure:23080: checking for larger than 32 bit physical address emulation
configure:23100: result: yes
configure:23115: checking for large ramfile support
configure:23126: result: no
configure:23143: checking for repeated IO and mem copy speedups
configure:23149: result: yes
configure:23167: checking for gcc / MSVC nmake fast function calls optimization
configure:23173: result: yes
configure:23191: checking for handlers chaining speedups
configure:23197: result: yes
configure:23215: checking for trace linking speedups support
configure:23225: result: no
configure:23239: checking support for configurable MSR registers
configure:23258: result: yes
configure:23273: checking show IPS
configure:23284: result: no
configure:23300: checking for use of .cpp as suffix
configure:23318: result: no
configure:23346: checking for Bochs internal debugger support
configure:23473: result: no
configure:23485: checking enable Bochs internal debugger GUI
configure:23508: result: no
configure:23520: checking for gdb stub enable
configure:23546: result: no
configure:23558: checking for I/O Interface to the debugger
configure:23587: result: no
configure:23597: checking for ALL optimizations enabled
configure:23614: result: no
configure:23681: checking whether user wants readline
configure:23697: result: yes
configure:23706: checking whether to use readline
configure:23798: result: no
configure:23807: checking for readline/history.h
configure:23807: /workspace/bochs-wasm-poc/emsdk/upstream/emscripten/emcc -c -O2 -s WASM=1 -s ASYNCIFY=1 -s ALLOW_MEMORY_GROWTH=1 -s TOTAL_MEMORY=31457280 -sNO_EXIT_RUNTIME=1 -sFORCE_FILESYSTEM=1 -D__GNU__ -D_FILE_OFFSET_BITS=64 -D_LARGE_FILES  -D_FILE_OFFSET_BITS=64 -D_LARGE_FILES conftest.c >&5
emcc: warning: linker setting ignored during compilation: 'WASM' [-Wunused-command-line-argument]
emcc: warning: linker setting ignored during compilation: 'ASYNCIFY' [-Wunused-command-line-argument]
emcc: warning: linker setting ignored during compilation: 'ALLOW_MEMORY_GROWTH' [-Wunused-command-line-argument]
emcc: warning: linker setting ignored during compilation: 'TOTAL_MEMORY' [-Wunused-command-line-argument]
emcc: warning: linker setting ignored during compilation: 'EXIT_RUNTIME' [-Wunused-command-line-argument]
emcc: warning: linker setting ignored during compilation: 'FORCE_FILESYSTEM' [-Wunused-command-line-argument]
conftest.c:144:10: fatal error: 'readline/history.h' file not found
#include <readline/history.h>
         ^~~~~~~~~~~~~~~~~~~~
1 error generated.
emcc: error: '/workspace/bochs-wasm-poc/emsdk/upstream/bin/clang -target wasm32-unknown-emscripten -fignore-exceptions -fvisibility=default -mllvm -combiner-global-alias-analysis=false -mllvm -enable-emscripten-sjlj -mllvm -disable-lsr -DEMSCRIPTEN -Werror=implicit-function-declaration --sysroot=/workspace/bochs-wasm-poc/emsdk/upstream/emscripten/cache/sysroot -Xclang -iwithsysroot/include/fakesdl -Xclang -iwithsysroot/include/compat -c -O2 -D__GNU__ -D_FILE_OFFSET_BITS=64 -D_LARGE_FILES -D_FILE_OFFSET_BITS=64 -D_LARGE_FILES conftest.c -o conftest.o' failed (returned 1)
configure:23807: $? = 1
configure: failed program was:
| /* confdefs.h */
| #define PACKAGE_NAME ""
| #define PACKAGE_TARNAME ""
| #define PACKAGE_VERSION ""
| #define PACKAGE_STRING ""
| #define PACKAGE_BUGREPORT ""
| #define PACKAGE_URL ""
| #define HAVE_STDIO_H 1
| #define HAVE_STDLIB_H 1
| #define HAVE_STRING_H 1
| #define HAVE_INTTYPES_H 1
| #define HAVE_STDINT_H 1
| #define HAVE_STRINGS_H 1
| #define HAVE_SYS_STAT_H 1
| #define HAVE_SYS_TYPES_H 1
| #define HAVE_UNISTD_H 1
| #define STDC_HEADERS 1
| #define HAVE_DLFCN_H 1
| #define HAVE_DIRENT_H 1
| #define LTDL_SHLIB_EXT ".so"
| #define LTDL_SYSSEARCHPATH "/lib:/usr/lib"
| #define LTDL_OBJDIR ".libs/"
| #define HAVE_LIBDL 1
| #define HAVE_DLERROR 1
| #define LTDL_DLOPEN_DEPLIBS 1
| #define error_t int
| #define HAVE_ASSERT_H 1
| #define HAVE_CTYPE_H 1
| #define HAVE_ERRNO_H 1
| #define HAVE_MALLOC_H 1
| #define HAVE_MEMORY_H 1
| #define HAVE_STDLIB_H 1
| #define HAVE_STDIO_H 1
| #define HAVE_UNISTD_H 1
| #define HAVE_STRING_H 1
| #define HAVE_STRCHR 1
| #define HAVE_STRRCHR 1
| #define HAVE_MEMCPY 1
| #define HAVE_MEMMOVE 1
| #define HAVE_STRCMP 1
| #define HAVE_CLOSEDIR 1
| #define HAVE_OPENDIR 1
| #define HAVE_READDIR 1
| #define X_DISPLAY_MISSING 1
| #define SIZEOF_UNSIGNED_CHAR 1
| #define SIZEOF_UNSIGNED_SHORT 2
| #define SIZEOF_UNSIGNED_INT 4
| #define SIZEOF_UNSIGNED_LONG 4
| #define SIZEOF_UNSIGNED_LONG_LONG 8
| #define SIZEOF_INT_P 4
| #define HAVE_GETENV 1
| #define BX_HAVE_GETENV 1
| #define HAVE_SETENV 1
| #define BX_HAVE_SETENV 1
| #define HAVE_SNPRINTF 1
| #define BX_HAVE_SNPRINTF 1
| #define HAVE_VSNPRINTF 1
| #define BX_HAVE_VSNPRINTF 1
| #define HAVE_SELECT 1
| #define BX_HAVE_SELECT 1
| #define BX_HAVE_SOCKLEN_T 1
| #define HAVE_STRTOULL 1
| #define BX_HAVE_STRTOULL 1
| #define HAVE_STRDUP 1
| #define BX_HAVE_STRDUP 1
| #define HAVE_STRCASECMP 1
| #define BX_HAVE_STRCASECMP 1
| #define HAVE_MKSTEMP 1
| #define BX_HAVE_MKSTEMP 1
| #define BX_HAVE_SYS_MMAN_H 1
| #define HAVE_GETTIMEOFDAY 1
| #define BX_HAVE_GETTIMEOFDAY 1
| #define HAVE_USLEEP 1
| #define BX_HAVE_USLEEP 1
| #define BX_HAVE___BUILTIN_BSWAP32 1
| #define BX_HAVE___BUILTIN_BSWAP64 1
| #define HAVE_TMPFILE64 1
| #define BX_HAVE_TMPFILE64 1
| #define HAVE_FSEEKO64 1
| #define BX_HAVE_FSEEKO64 1
| #define BX_HAVE_SSIZE_T 1
| #define HAVE_SLEEP 1
| #define BX_HAVE_SLEEP 1
| #define HAVE_NANOSLEEP 1
| #define BX_HAVE_NANOSLEEP 1
| #define HAVE_ABORT 1
| #define BX_HAVE_ABORT 1
| #define HAVE_GMTIME 1
| #define BX_HAVE_GMTIME 1
| #define HAVE_MKTIME 1
| #define BX_HAVE_MKTIME 1
| #define _FILE_OFFSET_BITS 64
| #define HAVE_LARGEFILE_SUPPORT 1
| #define BX_HAVE_SET 1
| #define BX_HAVE_MAP 1
| #define BX_USE_IDLE_HACK 0
| #define BX_HAVE_DLFCN_H 1
| #define HAVE_ASSERT_H 1
| #define BX_PLUGINS 0
| #define BX_SUPPORT_A20 1
| #define BX_SUPPORT_X86_64 1
| #define BX_SUPPORT_SMP 0
| #define BX_CPU_LEVEL 6
| #define BX_PHY_ADDRESS_LONG 1
| #define BX_LARGE_RAMFILE 0
| #define BX_CONFIGURE_MSRS 1
| #define BX_SHOW_IPS 0
| #define BX_DEBUGGER 0
| #define BX_DEBUGGER_GUI 0
| #define BX_GDBSTUB 0
| #define BX_SUPPORT_REPEAT_SPEEDUPS 1
| #define BX_FAST_FUNC_CALL 1
| #define BX_SUPPORT_HANDLERS_CHAINING_SPEEDUPS 1
| #define BX_ENABLE_TRACE_LINKING 0
| /* end confdefs.h.  */
| #include <stddef.h>
| #ifdef HAVE_STDIO_H
| # include <stdio.h>
| #endif
| #ifdef HAVE_STDLIB_H
| # include <stdlib.h>
| #endif
| #ifdef HAVE_STRING_H
| # include <string.h>
| #endif
| #ifdef HAVE_INTTYPES_H
| # include <inttypes.h>
| #endif
| #ifdef HAVE_STDINT_H
| # include <stdint.h>
| #endif
| #ifdef HAVE_STRINGS_H
| # include <strings.h>
| #endif
| #ifdef HAVE_SYS_TYPES_H
| # include <sys/types.h>
| #endif
| #ifdef HAVE_SYS_STAT_H
| # include <sys/stat.h>
| #endif
| #ifdef HAVE_UNISTD_H
| # include <unistd.h>
| #endif
| #include <readline/history.h>
configure:23807: result: no
configure:23818: checking for instrumentation support
configure:23845: result: no
configure:23857: checking enable logging
configure:23868: result: no
configure:23884: checking enable statistics collection
configure:23895: result: no
configure:23911: checking enable assert checks
configure:23935: result: no
configure:23946: checking for FPU emulation
configure:23972: result: yes
configure:23984: checking for VMX support
configure:24019: result: no
configure:24037: checking for SVM support
configure:24057: result: no
configure:24071: checking for User-Mode Protection Keys support
configure:24091: result: no
configure:24105: checking for Control Flow Enforcement Technology support
configure:24125: result: no
configure:24138: checking for 3DNow! support
configure:24157: result: no
configure:24166: checking for alignment check support
configure:24186: result: yes
configure:24201: checking for MONITOR/MWAIT instructions support (experimental)
configure:24221: result: yes
configure:24236: checking for limited hardware performance monitoring emulation support (experimental)
configure:24256: result: yes
configure:24271: checking for memory type support
configure:24290: result: no
configure:24301: checking for AVX instructions support
configure:24307: result: yes
configure:24337: checking for EVEX prefix and AVX-512 extensions support
configure:24357: result: no
configure:24370: checking for x86 debugger support
configure:24389: result: no
configure:24400: checking for i440FX PCI support
configure:24420: result: yes
configure:24435: checking for PCI host device mapping support
configure:24498: result: no
configure:24511: checking for USB UHCI support
configure:24517: result: yes
configure:24542: checking for USB OHCI support
configure:24563: result: no
configure:24572: checking for USB EHCI support
configure:24578: result: yes
configure:24602: checking for USB xHCI support
configure:24623: result: no
configure:24646: checking for NE2000 support
configure:24667: result: no
configure:24676: checking for PCI pseudo NIC support
configure:24697: result: no
configure:24706: checking for Intel(R) Gigabit Ethernet support
configure:24730: result: no
configure:24913: checking for raw serial support
configure:24931: result: no
configure:24943: checking for CLGD54XX emulation
configure:24963: result: no
configure:24972: checking for 3dfx Voodoo Graphics emulation
configure:24996: result: no
configure:25009: checking for lowlevel CDROM support
configure:25027: result: yes
configure:25038: checking for IOKit/storage/IOCDMedia.h
configure:25038: /workspace/bochs-wasm-poc/emsdk/upstream/emscripten/emcc -c -O2 -s WASM=1 -s ASYNCIFY=1 -s ALLOW_MEMORY_GROWTH=1 -s TOTAL_MEMORY=31457280 -sNO_EXIT_RUNTIME=1 -sFORCE_FILESYSTEM=1 -D__GNU__ -D_FILE_OFFSET_BITS=64 -D_LARGE_FILES  -D_FILE_OFFSET_BITS=64 -D_LARGE_FILES conftest.c >&5
emcc: warning: linker setting ignored during compilation: 'WASM' [-Wunused-command-line-argument]
emcc: warning: linker setting ignored during compilation: 'ASYNCIFY' [-Wunused-command-line-argument]
emcc: warning: linker setting ignored during compilation: 'ALLOW_MEMORY_GROWTH' [-Wunused-command-line-argument]
emcc: warning: linker setting ignored during compilation: 'TOTAL_MEMORY' [-Wunused-command-line-argument]
emcc: warning: linker setting ignored during compilation: 'EXIT_RUNTIME' [-Wunused-command-line-argument]
emcc: warning: linker setting ignored during compilation: 'FORCE_FILESYSTEM' [-Wunused-command-line-argument]
conftest.c:174:10: fatal error: 'IOKit/storage/IOCDMedia.h' file not found
#include <IOKit/storage/IOCDMedia.h>
         ^~~~~~~~~~~~~~~~~~~~~~~~~~~
1 error generated.
emcc: error: '/workspace/bochs-wasm-poc/emsdk/upstream/bin/clang -target wasm32-unknown-emscripten -fignore-exceptions -fvisibility=default -mllvm -combiner-global-alias-analysis=false -mllvm -enable-emscripten-sjlj -mllvm -disable-lsr -DEMSCRIPTEN -Werror=implicit-function-declaration --sysroot=/workspace/bochs-wasm-poc/emsdk/upstream/emscripten/cache/sysroot -Xclang -iwithsysroot/include/fakesdl -Xclang -iwithsysroot/include/compat -c -O2 -D__GNU__ -D_FILE_OFFSET_BITS=64 -D_LARGE_FILES -D_FILE_OFFSET_BITS=64 -D_LARGE_FILES conftest.c -o conftest.o' failed (returned 1)
configure:25038: $? = 1
configure: failed program was:
| /* confdefs.h */
| #define PACKAGE_NAME ""
| #define PACKAGE_TARNAME ""
| #define PACKAGE_VERSION ""
| #define PACKAGE_STRING ""
| #define PACKAGE_BUGREPORT ""
| #define PACKAGE_URL ""
| #define HAVE_STDIO_H 1
| #define HAVE_STDLIB_H 1
| #define HAVE_STRING_H 1
| #define HAVE_INTTYPES_H 1
| #define HAVE_STDINT_H 1
| #define HAVE_STRINGS_H 1
| #define HAVE_SYS_STAT_H 1
| #define HAVE_SYS_TYPES_H 1
| #define HAVE_UNISTD_H 1
| #define STDC_HEADERS 1
| #define HAVE_DLFCN_H 1
| #define HAVE_DIRENT_H 1
| #define LTDL_SHLIB_EXT ".so"
| #define LTDL_SYSSEARCHPATH "/lib:/usr/lib"
| #define LTDL_OBJDIR ".libs/"
| #define HAVE_LIBDL 1
| #define HAVE_DLERROR 1
| #define LTDL_DLOPEN_DEPLIBS 1
| #define error_t int
| #define HAVE_ASSERT_H 1
| #define HAVE_CTYPE_H 1
| #define HAVE_ERRNO_H 1
| #define HAVE_MALLOC_H 1
| #define HAVE_MEMORY_H 1
| #define HAVE_STDLIB_H 1
| #define HAVE_STDIO_H 1
| #define HAVE_UNISTD_H 1
| #define HAVE_STRING_H 1
| #define HAVE_STRCHR 1
| #define HAVE_STRRCHR 1
| #define HAVE_MEMCPY 1
| #define HAVE_MEMMOVE 1
| #define HAVE_STRCMP 1
| #define HAVE_CLOSEDIR 1
| #define HAVE_OPENDIR 1
| #define HAVE_READDIR 1
| #define X_DISPLAY_MISSING 1
| #define SIZEOF_UNSIGNED_CHAR 1
| #define SIZEOF_UNSIGNED_SHORT 2
| #define SIZEOF_UNSIGNED_INT 4
| #define SIZEOF_UNSIGNED_LONG 4
| #define SIZEOF_UNSIGNED_LONG_LONG 8
| #define SIZEOF_INT_P 4
| #define HAVE_GETENV 1
| #define BX_HAVE_GETENV 1
| #define HAVE_SETENV 1
| #define BX_HAVE_SETENV 1
| #define HAVE_SNPRINTF 1
| #define BX_HAVE_SNPRINTF 1
| #define HAVE_VSNPRINTF 1
| #define BX_HAVE_VSNPRINTF 1
| #define HAVE_SELECT 1
| #define BX_HAVE_SELECT 1
| #define BX_HAVE_SOCKLEN_T 1
| #define HAVE_STRTOULL 1
| #define BX_HAVE_STRTOULL 1
| #define HAVE_STRDUP 1
| #define BX_HAVE_STRDUP 1
| #define HAVE_STRCASECMP 1
| #define BX_HAVE_STRCASECMP 1
| #define HAVE_MKSTEMP 1
| #define BX_HAVE_MKSTEMP 1
| #define BX_HAVE_SYS_MMAN_H 1
| #define HAVE_GETTIMEOFDAY 1
| #define BX_HAVE_GETTIMEOFDAY 1
| #define HAVE_USLEEP 1
| #define BX_HAVE_USLEEP 1
| #define BX_HAVE___BUILTIN_BSWAP32 1
| #define BX_HAVE___BUILTIN_BSWAP64 1
| #define HAVE_TMPFILE64 1
| #define BX_HAVE_TMPFILE64 1
| #define HAVE_FSEEKO64 1
| #define BX_HAVE_FSEEKO64 1
| #define BX_HAVE_SSIZE_T 1
| #define HAVE_SLEEP 1
| #define BX_HAVE_SLEEP 1
| #define HAVE_NANOSLEEP 1
| #define BX_HAVE_NANOSLEEP 1
| #define HAVE_ABORT 1
| #define BX_HAVE_ABORT 1
| #define HAVE_GMTIME 1
| #define BX_HAVE_GMTIME 1
| #define HAVE_MKTIME 1
| #define BX_HAVE_MKTIME 1
| #define _FILE_OFFSET_BITS 64
| #define HAVE_LARGEFILE_SUPPORT 1
| #define BX_HAVE_SET 1
| #define BX_HAVE_MAP 1
| #define BX_USE_IDLE_HACK 0
| #define BX_HAVE_DLFCN_H 1
| #define HAVE_ASSERT_H 1
| #define BX_PLUGINS 0
| #define BX_SUPPORT_A20 1
| #define BX_SUPPORT_X86_64 1
| #define BX_SUPPORT_SMP 0
| #define BX_CPU_LEVEL 6
| #define BX_PHY_ADDRESS_LONG 1
| #define BX_LARGE_RAMFILE 0
| #define BX_CONFIGURE_MSRS 1
| #define BX_SHOW_IPS 0
| #define BX_DEBUGGER 0
| #define BX_DEBUGGER_GUI 0
| #define BX_GDBSTUB 0
| #define BX_SUPPORT_REPEAT_SPEEDUPS 1
| #define BX_FAST_FUNC_CALL 1
| #define BX_SUPPORT_HANDLERS_CHAINING_SPEEDUPS 1
| #define BX_ENABLE_TRACE_LINKING 0
| #define BX_INSTRUMENTATION 0
| #define BX_NO_LOGGING 1
| #define BX_ENABLE_STATISTICS 0
| #define BX_ASSERT_ENABLE 0
| #define BX_SUPPORT_FPU 1
| #define BX_SUPPORT_VMX 0
| #define BX_SUPPORT_SVM 0
| #define BX_SUPPORT_PKEYS 0
| #define BX_SUPPORT_CET 0
| #define BX_SUPPORT_3DNOW 0
| #define BX_SUPPORT_ALIGNMENT_CHECK 1
| #define BX_SUPPORT_MONITOR_MWAIT 1
| #define BX_SUPPORT_PERFMON 1
| #define BX_SUPPORT_MEMTYPE 0
| #define BX_SUPPORT_AVX 1
| #define BX_SUPPORT_EVEX 0
| #define BX_X86_DEBUGGER 0
| #define BX_SUPPORT_PCI 1
| #define BX_SUPPORT_PCIDEV 0
| #define BX_SUPPORT_USB_UHCI 1
| #define BX_SUPPORT_USB_OHCI 0
| #define BX_SUPPORT_USB_EHCI 1
| #define BX_SUPPORT_USB_XHCI 0
| #define BX_SUPPORT_NE2K 0
| #define BX_SUPPORT_PCIPNIC 0
| #define BX_SUPPORT_E1000 0
| #define BX_NETWORKING 0
| #define USE_RAW_SERIAL 0
| #define BX_SUPPORT_CLGD54XX 0
| #define BX_SUPPORT_VOODOO 0
| /* end confdefs.h.  */
| #include <stddef.h>
| #ifdef HAVE_STDIO_H
| # include <stdio.h>
| #endif
| #ifdef HAVE_STDLIB_H
| # include <stdlib.h>
| #endif
| #ifdef HAVE_STRING_H
| # include <string.h>
| #endif
| #ifdef HAVE_INTTYPES_H
| # include <inttypes.h>
| #endif
| #ifdef HAVE_STDINT_H
| # include <stdint.h>
| #endif
| #ifdef HAVE_STRINGS_H
| # include <strings.h>
| #endif
| #ifdef HAVE_SYS_TYPES_H
| # include <sys/types.h>
| #endif
| #ifdef HAVE_SYS_STAT_H
| # include <sys/stat.h>
| #endif
| #ifdef HAVE_UNISTD_H
| # include <unistd.h>
| #endif
| #include <IOKit/storage/IOCDMedia.h>
configure:25038: result: no
configure:25085: checking for Sound Blaster 16 support
configure:25108: result: no
configure:25117: checking for ES1370 soundcard support
configure:25143: result: no
configure:25303: checking for standard PC gameport support
configure:25338: result: no
configure:25349: checking for Busmouse support
configure:25371: result: no
configure:25381: checking for docbook2html
configure:25417: result: not_found
configure:25429: checking for jade
configure:25464: result: no
configure:25429: checking for openjade
configure:25464: result: no
configure:25473: checking whether to build docbook documentation
configure:25505: result: no
configure:25668: checking for wx-config
configure:25701: result: not_found
configure:25710: checking for wxWidgets configuration script
configure:25712: result: not_found
configure:25720: checking for wxWidgets library version
configure:25756: result: 
configure:25777: checking for default gui on this platform
configure:25779: result: x11
configure:26169: checking for display libraries
configure:26171: result:  nogui
configure:26263: checking for wget
configure:26284: found /usr/bin/wget
configure:26295: result: wget
configure:27002: checking for pthread.h
configure:27002: /workspace/bochs-wasm-poc/emsdk/upstream/emscripten/emcc -c -O2 -s WASM=1 -s ASYNCIFY=1 -s ALLOW_MEMORY_GROWTH=1 -s TOTAL_MEMORY=31457280 -sNO_EXIT_RUNTIME=1 -sFORCE_FILESYSTEM=1 -D__GNU__ -D_FILE_OFFSET_BITS=64 -D_LARGE_FILES  -D_FILE_OFFSET_BITS=64 -D_LARGE_FILES conftest.c >&5
emcc: warning: linker setting ignored during compilation: 'WASM' [-Wunused-command-line-argument]
emcc: warning: linker setting ignored during compilation: 'ASYNCIFY' [-Wunused-command-line-argument]
emcc: warning: linker setting ignored during compilation: 'ALLOW_MEMORY_GROWTH' [-Wunused-command-line-argument]
emcc: warning: linker setting ignored during compilation: 'TOTAL_MEMORY' [-Wunused-command-line-argument]
emcc: warning: linker setting ignored during compilation: 'EXIT_RUNTIME' [-Wunused-command-line-argument]
emcc: warning: linker setting ignored during compilation: 'FORCE_FILESYSTEM' [-Wunused-command-line-argument]
configure:27002: $? = 0
configure:27002: result: yes
configure:27113: checking for the pthreads library -lpthreads
configure:27146: /workspace/bochs-wasm-poc/emsdk/upstream/emscripten/emcc -o conftest -O2 -s WASM=1 -s ASYNCIFY=1 -s ALLOW_MEMORY_GROWTH=1 -s TOTAL_MEMORY=31457280 -sNO_EXIT_RUNTIME=1 -sFORCE_FILESYSTEM=1 -D__GNU__ -D_FILE_OFFSET_BITS=64 -D_LARGE_FILES   -D_FILE_OFFSET_BITS=64 -D_LARGE_FILES  conftest.c -lpthreads  >&5
wasm-ld: error: unable to find library -lpthreads
emcc: error: '/workspace/bochs-wasm-poc/emsdk/upstream/bin/wasm-ld -o conftest.wasm /tmp/emscripten_temp_7rsert9c/conftest_0.o -lpthreads -L/workspace/bochs-wasm-poc/emsdk/upstream/emscripten/cache/sysroot/lib/wasm32-emscripten -lGL -lal -lhtml5 -lstubs -lc -ldlmalloc -lcompiler_rt -lc++-noexcept -lc++abi-noexcept -lsockets -mllvm -combiner-global-alias-analysis=false -mllvm -enable-emscripten-sjlj -mllvm -disable-lsr /tmp/tmp6pxipj7qlibemscripten_js_symbols.so --export-if-defined=main --export-if-defined=__start_em_asm --export-if-defined=__stop_em_asm --export-if-defined=__start_em_lib_deps --export-if-defined=__stop_em_lib_deps --export-if-defined=__start_em_js --export-if-defined=__stop_em_js --export-if-defined=__main_argc_argv --export-if-defined=fflush --export=emscripten_stack_get_base --export=emscripten_stack_get_end --export=emscripten_stack_set_limits --export=stackSave --export=stackRestore --export=stackAlloc --export=__errno_location --export=__get_temp_ret --export=__set_temp_ret --export=__funcs_on_exit --export=malloc --export=free --export=__wasm_call_ctors --export-table -z stack-size=65536 --initial-memory=31457280 --no-entry --max-memory=2147483648 --global-base=1024' failed (returned 1)
configure:27146: $? = 1
configure: failed program was:
| /* confdefs.h */
| #define PACKAGE_NAME ""
| #define PACKAGE_TARNAME ""
| #define PACKAGE_VERSION ""
| #define PACKAGE_STRING ""
| #define PACKAGE_BUGREPORT ""
| #define PACKAGE_URL ""
| #define HAVE_STDIO_H 1
| #define HAVE_STDLIB_H 1
| #define HAVE_STRING_H 1
| #define HAVE_INTTYPES_H 1
| #define HAVE_STDINT_H 1
| #define HAVE_STRINGS_H 1
| #define HAVE_SYS_STAT_H 1
| #define HAVE_SYS_TYPES_H 1
| #define HAVE_UNISTD_H 1
| #define STDC_HEADERS 1
| #define HAVE_DLFCN_H 1
| #define HAVE_DIRENT_H 1
| #define LTDL_SHLIB_EXT ".so"
| #define LTDL_SYSSEARCHPATH "/lib:/usr/lib"
| #define LTDL_OBJDIR ".libs/"
| #define HAVE_LIBDL 1
| #define HAVE_DLERROR 1
| #define LTDL_DLOPEN_DEPLIBS 1
| #define error_t int
| #define HAVE_ASSERT_H 1
| #define HAVE_CTYPE_H 1
| #define HAVE_ERRNO_H 1
| #define HAVE_MALLOC_H 1
| #define HAVE_MEMORY_H 1
| #define HAVE_STDLIB_H 1
| #define HAVE_STDIO_H 1
| #define HAVE_UNISTD_H 1
| #define HAVE_STRING_H 1
| #define HAVE_STRCHR 1
| #define HAVE_STRRCHR 1
| #define HAVE_MEMCPY 1
| #define HAVE_MEMMOVE 1
| #define HAVE_STRCMP 1
| #define HAVE_CLOSEDIR 1
| #define HAVE_OPENDIR 1
| #define HAVE_READDIR 1
| #define X_DISPLAY_MISSING 1
| #define SIZEOF_UNSIGNED_CHAR 1
| #define SIZEOF_UNSIGNED_SHORT 2
| #define SIZEOF_UNSIGNED_INT 4
| #define SIZEOF_UNSIGNED_LONG 4
| #define SIZEOF_UNSIGNED_LONG_LONG 8
| #define SIZEOF_INT_P 4
| #define HAVE_GETENV 1
| #define BX_HAVE_GETENV 1
| #define HAVE_SETENV 1
| #define BX_HAVE_SETENV 1
| #define HAVE_SNPRINTF 1
| #define BX_HAVE_SNPRINTF 1
| #define HAVE_VSNPRINTF 1
| #define BX_HAVE_VSNPRINTF 1
| #define HAVE_SELECT 1
| #define BX_HAVE_SELECT 1
| #define BX_HAVE_SOCKLEN_T 1
| #define HAVE_STRTOULL 1
| #define BX_HAVE_STRTOULL 1
| #define HAVE_STRDUP 1
| #define BX_HAVE_STRDUP 1
| #define HAVE_STRCASECMP 1
| #define BX_HAVE_STRCASECMP 1
| #define HAVE_MKSTEMP 1
| #define BX_HAVE_MKSTEMP 1
| #define BX_HAVE_SYS_MMAN_H 1
| #define HAVE_GETTIMEOFDAY 1
| #define BX_HAVE_GETTIMEOFDAY 1
| #define HAVE_USLEEP 1
| #define BX_HAVE_USLEEP 1
| #define BX_HAVE___BUILTIN_BSWAP32 1
| #define BX_HAVE___BUILTIN_BSWAP64 1
| #define HAVE_TMPFILE64 1
| #define BX_HAVE_TMPFILE64 1
| #define HAVE_FSEEKO64 1
| #define BX_HAVE_FSEEKO64 1
| #define BX_HAVE_SSIZE_T 1
| #define HAVE_SLEEP 1
| #define BX_HAVE_SLEEP 1
| #define HAVE_NANOSLEEP 1
| #define BX_HAVE_NANOSLEEP 1
| #define HAVE_ABORT 1
| #define BX_HAVE_ABORT 1
| #define HAVE_GMTIME 1
| #define BX_HAVE_GMTIME 1
| #define HAVE_MKTIME 1
| #define BX_HAVE_MKTIME 1
| #define _FILE_OFFSET_BITS 64
| #define HAVE_LARGEFILE_SUPPORT 1
| #define BX_HAVE_SET 1
| #define BX_HAVE_MAP 1
| #define BX_USE_IDLE_HACK 0
| #define BX_HAVE_DLFCN_H 1
| #define HAVE_ASSERT_H 1
| #define BX_PLUGINS 0
| #define BX_SUPPORT_A20 1
| #define BX_SUPPORT_X86_64 1
| #define BX_SUPPORT_SMP 0
| #define BX_CPU_LEVEL 6
| #define BX_PHY_ADDRESS_LONG 1
| #define BX_LARGE_RAMFILE 0
| #define BX_CONFIGURE_MSRS 1
| #define BX_SHOW_IPS 0
| #define BX_DEBUGGER 0
| #define BX_DEBUGGER_GUI 0
| #define BX_GDBSTUB 0
| #define BX_SUPPORT_REPEAT_SPEEDUPS 1
| #define BX_FAST_FUNC_CALL 1
| #define BX_SUPPORT_HANDLERS_CHAINING_SPEEDUPS 1
| #define BX_ENABLE_TRACE_LINKING 0
| #define BX_INSTRUMENTATION 0
| #define BX_NO_LOGGING 1
| #define BX_ENABLE_STATISTICS 0
| #define BX_ASSERT_ENABLE 0
| #define BX_SUPPORT_FPU 1
| #define BX_SUPPORT_VMX 0
| #define BX_SUPPORT_SVM 0
| #define BX_SUPPORT_PKEYS 0
| #define BX_SUPPORT_CET 0
| #define BX_SUPPORT_3DNOW 0
| #define BX_SUPPORT_ALIGNMENT_CHECK 1
| #define BX_SUPPORT_MONITOR_MWAIT 1
| #define BX_SUPPORT_PERFMON 1
| #define BX_SUPPORT_MEMTYPE 0
| #define BX_SUPPORT_AVX 1
| #define BX_SUPPORT_EVEX 0
| #define BX_X86_DEBUGGER 0
| #define BX_SUPPORT_PCI 1
| #define BX_SUPPORT_PCIDEV 0
| #define BX_SUPPORT_USB_UHCI 1
| #define BX_SUPPORT_USB_OHCI 0
| #define BX_SUPPORT_USB_EHCI 1
| #define BX_SUPPORT_USB_XHCI 0
| #define BX_SUPPORT_NE2K 0
| #define BX_SUPPORT_PCIPNIC 0
| #define BX_SUPPORT_E1000 0
| #define BX_NETWORKING 0
| #define USE_RAW_SERIAL 0
| #define BX_SUPPORT_CLGD54XX 0
| #define BX_SUPPORT_VOODOO 0
| #define LOWLEVEL_CDROM cdrom_misc_c
| #define BX_SUPPORT_CDROM 1
| #define BX_SUPPORT_SB16 0
| #define BX_SUPPORT_ES1370 0
| #define BX_SUPPORT_SOUNDLOW 0
| #define BX_SUPPORT_GAMEPORT 0
| #define BX_SUPPORT_BUSMOUSE 0
| #define BX_WITH_NOGUI 1
| #define BX_DEFAULT_CONFIG_INTERFACE "textconfig"
| #define BX_DEFAULT_DISPLAY_LIBRARY "x"
| #define BX_USE_TEXTCONFIG 1
| #define BX_USE_GUI_CONSOLE 0
| /* end confdefs.h.  */
| #include <pthread.h>
| int
| main (void)
| {
| pthread_t th; pthread_join(th, 0);
| 		     pthread_attr_init(0); pthread_cleanup_push(0, 0);
| 		     pthread_create(0,0,0,0); pthread_cleanup_pop(0);
|   ;
|   return 0;
| }
configure:27156: result: no
configure:27102: checking whether pthreads work without any flags
configure:27146: /workspace/bochs-wasm-poc/emsdk/upstream/emscripten/emcc -o conftest -O2 -s WASM=1 -s ASYNCIFY=1 -s ALLOW_MEMORY_GROWTH=1 -s TOTAL_MEMORY=31457280 -sNO_EXIT_RUNTIME=1 -sFORCE_FILESYSTEM=1 -D__GNU__ -D_FILE_OFFSET_BITS=64 -D_LARGE_FILES   -D_FILE_OFFSET_BITS=64 -D_LARGE_FILES  conftest.c   >&5
configure:27146: $? = 0
configure:27156: result: yes
configure:27176: checking for joinable pthread attribute
configure:27189: /workspace/bochs-wasm-poc/emsdk/upstream/emscripten/emcc -o conftest -O2 -s WASM=1 -s ASYNCIFY=1 -s ALLOW_MEMORY_GROWTH=1 -s TOTAL_MEMORY=31457280 -sNO_EXIT_RUNTIME=1 -sFORCE_FILESYSTEM=1 -D__GNU__ -D_FILE_OFFSET_BITS=64 -D_LARGE_FILES   -D_FILE_OFFSET_BITS=64 -D_LARGE_FILES  conftest.c   >&5
configure:27189: $? = 0
configure:27223: result: PTHREAD_CREATE_JOINABLE
configure:27230: checking if more special flags are required for pthreads
configure:27237: result: no
configure:27249: checking for cc_r
configure:27282: result: /workspace/bochs-wasm-poc/emsdk/upstream/emscripten/emcc
configure:27419: checking for gzip
configure:27442: found /usr/bin/gzip
configure:27454: result: /usr/bin/gzip
configure:27464: checking for tar
configure:27487: found /usr/bin/tar
configure:27499: result: /usr/bin/tar
configure:27509: checking for iasl
configure:27545: result: not_found
configure:27663: creating ./config.status

## ---------------------- ##
## Running config.status. ##
## ---------------------- ##

This file was extended by config.status, which was
generated by GNU Autoconf 2.71.  Invocation command line was

  CONFIG_FILES    = 
  CONFIG_HEADERS  = 
  CONFIG_LINKS    = 
  CONFIG_COMMANDS = 
  $ ./config.status 

on c-6a9953d1-019e4feb-28b3882b11b4

config.status:1131: creating Makefile
config.status:1131: creating iodev/Makefile
config.status:1131: creating iodev/display/Makefile
config.status:1131: creating iodev/hdimage/Makefile
config.status:1131: creating iodev/usb/Makefile
config.status:1131: creating iodev/network/Makefile
config.status:1131: creating iodev/sound/Makefile
config.status:1131: creating bx_debug/Makefile
config.status:1131: creating bios/Makefile
config.status:1131: creating cpu/Makefile
config.status:1131: creating cpu/avx/Makefile
config.status:1131: creating cpu/cpudb/Makefile
config.status:1131: creating cpu/fpu/Makefile
config.status:1131: creating memory/Makefile
config.status:1131: creating gui/Makefile
config.status:1131: creating instrument/stubs/Makefile
config.status:1131: creating misc/Makefile
config.status:1131: creating doc/docbook/Makefile
config.status:1131: creating build/linux/bochs-dlx
config.status:1131: creating bxversion.h
config.status:1131: creating bxversion.rc
config.status:1131: creating build/macosx/Info.plist
config.status:1131: creating build/win32/nsis/Makefile
config.status:1131: creating build/win32/nsis/bochs.nsi
config.status:1131: creating host/linux/pcidev/Makefile
config.status:1131: creating config.h
config.status:1131: creating ltdlconf.h

## ---------------- ##
## Cache variables. ##
## ---------------- ##

ac_cv_build=x86_64-pc-linux-gnu
ac_cv_c_bigendian=no
ac_cv_c_compiler_gnu=yes
ac_cv_c_const=yes
ac_cv_cxx_compiler_gnu=yes
ac_cv_env_CCC_set=
ac_cv_env_CCC_value=
ac_cv_env_CC_set=set
ac_cv_env_CC_value=/workspace/bochs-wasm-poc/emsdk/upstream/emscripten/emcc
ac_cv_env_CFLAGS_set=set
ac_cv_env_CFLAGS_value='-O2 -s WASM=1 -s ASYNCIFY=1 -s ALLOW_MEMORY_GROWTH=1 -s TOTAL_MEMORY=31457280 -sNO_EXIT_RUNTIME=1 -sFORCE_FILESYSTEM=1 -D__GNU__'
ac_cv_env_CPPFLAGS_set=
ac_cv_env_CPPFLAGS_value=
ac_cv_env_CPP_set=
ac_cv_env_CPP_value=
ac_cv_env_CXXCPP_set=
ac_cv_env_CXXCPP_value=
ac_cv_env_CXXFLAGS_set=set
ac_cv_env_CXXFLAGS_value='-O2 -s WASM=1 -s ASYNCIFY=1 -s ALLOW_MEMORY_GROWTH=1 -s TOTAL_MEMORY=31457280 -sNO_EXIT_RUNTIME=1 -sFORCE_FILESYSTEM=1 -D__GNU__'
ac_cv_env_CXX_set=set
ac_cv_env_CXX_value=/workspace/bochs-wasm-poc/emsdk/upstream/emscripten/em++
ac_cv_env_F77_set=
ac_cv_env_F77_value=
ac_cv_env_FFLAGS_set=
ac_cv_env_FFLAGS_value=
ac_cv_env_LDFLAGS_set=
ac_cv_env_LDFLAGS_value=
ac_cv_env_LIBS_set=
ac_cv_env_LIBS_value=
ac_cv_env_XMKMF_set=
ac_cv_env_XMKMF_value=
ac_cv_env_build_alias_set=
ac_cv_env_build_alias_value=
ac_cv_env_host_alias_set=set
ac_cv_env_host_alias_value=wasm32-unknown-emscripten
ac_cv_env_target_alias_set=
ac_cv_env_target_alias_value=
ac_cv_f77_compiler_gnu=no
ac_cv_func_abort=yes
ac_cv_func_argz_append=no
ac_cv_func_argz_create_sep=no
ac_cv_func_argz_insert=no
ac_cv_func_argz_next=no
ac_cv_func_argz_stringify=no
ac_cv_func_closedir=yes
ac_cv_func_dlerror=yes
ac_cv_func_dlopen=yes
ac_cv_func_fseek64=no
ac_cv_func_fseeko64=yes
ac_cv_func_getenv=yes
ac_cv_func_gettimeofday=yes
ac_cv_func_gmtime=yes
ac_cv_func_memcpy=yes
ac_cv_func_memmove=yes
ac_cv_func_mkstemp=yes
ac_cv_func_mktime=yes
ac_cv_func_nanosleep=yes
ac_cv_func_opendir=yes
ac_cv_func_readdir=yes
ac_cv_func_select=yes
ac_cv_func_setenv=yes
ac_cv_func_shl_load=no
ac_cv_func_sleep=yes
ac_cv_func_snprintf=yes
ac_cv_func_strcasecmp=yes
ac_cv_func_strchr=yes
ac_cv_func_strcmp=yes
ac_cv_func_strdup=yes
ac_cv_func_stricmp=no
ac_cv_func_strrchr=yes
ac_cv_func_strrev=no
ac_cv_func_strtoull=yes
ac_cv_func_strtouq=no
ac_cv_func_timelocal=no
ac_cv_func_tmpfile64=yes
ac_cv_func_usleep=yes
ac_cv_func_vsnprintf=yes
ac_cv_have_x=have_x=no
ac_cv_header_IOKit_storage_IOCDMedia_h=no
ac_cv_header_argz_h=no
ac_cv_header_assert_h=yes
ac_cv_header_ctype_h=yes
ac_cv_header_dirent_dirent_h=yes
ac_cv_header_dl_h=no
ac_cv_header_dld_h=no
ac_cv_header_dlfcn_h=yes
ac_cv_header_errno_h=yes
ac_cv_header_inttypes_h=yes
ac_cv_header_mach_o_dyld_h=no
ac_cv_header_malloc_h=yes
ac_cv_header_memory_h=yes
ac_cv_header_pthread_h=yes
ac_cv_header_readline_history_h=no
ac_cv_header_stdint_h=yes
ac_cv_header_stdio_h=yes
ac_cv_header_stdlib_h=yes
ac_cv_header_string_h=yes
ac_cv_header_strings_h=yes
ac_cv_header_sys_dl_h=no
ac_cv_header_sys_mman_h=yes
ac_cv_header_sys_stat_h=yes
ac_cv_header_sys_types_h=yes
ac_cv_header_unistd_h=yes
ac_cv_host=wasm32-unknown-emscripten
ac_cv_lib_dl_dlopen=yes
ac_cv_lib_dld_shl_load=no
ac_cv_member_struct_sockaddr_in_sin_len=no
ac_cv_objext=o
ac_cv_path_DOCBOOK2HTML=not_found
ac_cv_path_EGREP='/usr/bin/grep -E'
ac_cv_path_GREP=/usr/bin/grep
ac_cv_path_GZIP=/usr/bin/gzip
ac_cv_path_IASL=not_found
ac_cv_path_PKGCONFIG=not_found
ac_cv_path_TAR=/usr/bin/tar
ac_cv_prog_AR=/workspace/bochs-wasm-poc/emsdk/upstream/emscripten/emar
ac_cv_prog_CC=/workspace/bochs-wasm-poc/emsdk/upstream/emscripten/emcc
ac_cv_prog_CPP='/workspace/bochs-wasm-poc/emsdk/upstream/emscripten/emcc -E'
ac_cv_prog_CXXCPP='/workspace/bochs-wasm-poc/emsdk/upstream/emscripten/em++ -E'
ac_cv_prog_PTHREAD_CC=/workspace/bochs-wasm-poc/emsdk/upstream/emscripten/emcc
ac_cv_prog_RANLIB=/workspace/bochs-wasm-poc/emsdk/upstream/emscripten/emranlib
ac_cv_prog_WGET=wget
ac_cv_prog_WX_CONFIG=not_found
ac_cv_prog_ac_ct_STRIP=strip
ac_cv_prog_cc_c11=
ac_cv_prog_cc_g=yes
ac_cv_prog_cc_stdc=
ac_cv_prog_cxx_11=no
ac_cv_prog_cxx_cxx11=
ac_cv_prog_cxx_g=yes
ac_cv_prog_cxx_stdcxx=
ac_cv_prog_f77_g=no
ac_cv_prog_make_make_set=yes
ac_cv_search_opendir='none required'
ac_cv_sizeof_int_p=4
ac_cv_sizeof_unsigned_char=1
ac_cv_sizeof_unsigned_int=4
ac_cv_sizeof_unsigned_long=4
ac_cv_sizeof_unsigned_long_long=8
ac_cv_sizeof_unsigned_short=2
ac_cv_sys_file_offset_bits=64
ac_cv_sys_symbol_underscore=no
ac_cv_target=wasm32-unknown-emscripten
ac_cv_type_error_t=no
ac_cv_type_socklen_t=yes
ac_cv_type_ssize_t=yes
libltdl_cv_lib_dl_dlopen=yes
libltdl_cv_objdir=.libs
libltdl_cv_preloaded_symbols=no
libltdl_cv_shlibext=.so
libltdl_cv_shlibpath_var=
libltdl_cv_sys_dlopen_deplibs=unknown
libltdl_cv_sys_search_path='/lib /usr/lib'
lt_cv_deplibs_check_method=unknown
lt_cv_dlopen=dlopen
lt_cv_dlopen_libs=
lt_cv_dlopen_self=no
lt_cv_file_magic_cmd='$MAGIC_CMD'
lt_cv_file_magic_test_file=
lt_cv_ld_reload_flag=-r
lt_cv_objdir=.libs
lt_cv_path_LD=/workspace/bochs-wasm-poc/emsdk/upstream/emscripten/emcc
lt_cv_path_LDCXX=/workspace/bochs-wasm-poc/emsdk/upstream/emscripten/emcc
lt_cv_path_NM=/workspace/bochs-wasm-poc/emsdk/upstream/bin/llvm-nm
lt_cv_path_SED=/usr/bin/sed
lt_cv_prog_compiler_c_o=no
lt_cv_prog_compiler_c_o_CXX=no
lt_cv_prog_compiler_pic_works=no
lt_cv_prog_compiler_pic_works_CXX=no
lt_cv_prog_compiler_rtti_exceptions=no
lt_cv_prog_compiler_static_works=yes
lt_cv_prog_gnu_ld=yes
lt_cv_prog_gnu_ldcxx=yes
lt_cv_sys_global_symbol_pipe=
lt_cv_sys_global_symbol_to_c_name_address='sed -n -e '\''s/^: \([^ ]*\) $/  {\"\1\", (lt_ptr) 0},/p'\'' -e '\''s/^[BCDEGRST] \([^ ]*\) \([^ ]*\)$/  {"\2", (lt_ptr) \&\2},/p'\'''
lt_cv_sys_global_symbol_to_cdecl=
lt_cv_sys_max_cmd_len=32768
lt_lt_cv_prog_compiler_c_o='"no"'
lt_lt_cv_prog_compiler_c_o_CXX='"no"'
lt_lt_cv_sys_global_symbol_pipe='""'
lt_lt_cv_sys_global_symbol_to_c_name_address='"sed -n -e '\''s/^: \\([^ ]*\\) \$/  {\\\"\\1\\\", (lt_ptr) 0},/p'\'' -e '\''s/^[BCDEGRST] \\([^ ]*\\) \\([^ ]*\\)\$/  {\"\\2\", (lt_ptr) \\&\\2},/p'\''"'
lt_lt_cv_sys_global_symbol_to_cdecl='""'

## ----------------- ##
## Output variables. ##
## ----------------- ##

ALSA_SOUND_LINK_OPTS=''
AR='/workspace/bochs-wasm-poc/emsdk/upstream/emscripten/emar'
AVX_LIB_VAR='$(AVX_LIB)'
BOCHS_BITS='32'
BUILD_DOCBOOK_VAR=''
BUSM_OBJS=''
BXHUB_FLAG=''
BXHUB_LINK_OPTS=''
BXIMAGE_FLAG='-DBXIMAGE'
BXIMAGE_LINK_OPTS=''
BX_LARGE_RAMFILE=''
BX_USE_IDLE_HACK=''
CC='/workspace/bochs-wasm-poc/emsdk/upstream/emscripten/emcc'
CDROM_OBJS='cdrom.o cdrom_misc.o'
CD_UP_ONE='echo done'
CD_UP_THREE='echo done'
CD_UP_TWO='echo done'
CFLAGS='-O2 -s WASM=1 -s ASYNCIFY=1 -s ALLOW_MEMORY_GROWTH=1 -s TOTAL_MEMORY=31457280 -sNO_EXIT_RUNTIME=1 -sFORCE_FILESYSTEM=1 -D__GNU__ -D_FILE_OFFSET_BITS=64 -D_LARGE_FILES'
CFP=''
CI_PLUGIN_OBJS='textconfig.o'
CI_SUPPORT_OBJS=''
CLEAN_DOCBOOK_VAR=''
CLEAN_PCIDEV_VAR=''
COMMAND_SEPARATOR='&& \'
CPP='/workspace/bochs-wasm-poc/emsdk/upstream/emscripten/emcc -E'
CPPFLAGS=' -D_FILE_OFFSET_BITS=64 -D_LARGE_FILES'
CPP_SUFFIX='cc'
CXX='/workspace/bochs-wasm-poc/emsdk/upstream/emscripten/em++'
CXXCPP='/workspace/bochs-wasm-poc/emsdk/upstream/emscripten/em++ -E'
CXXFLAGS='-O2 -s WASM=1 -s ASYNCIFY=1 -s ALLOW_MEMORY_GROWTH=1 -s TOTAL_MEMORY=31457280 -sNO_EXIT_RUNTIME=1 -sFORCE_FILESYSTEM=1 -D__GNU__ -D_FILE_OFFSET_BITS=64 -D_LARGE_FILES'
CXXFLAGS_CONSOLE='-O2 -s WASM=1 -s ASYNCIFY=1 -s ALLOW_MEMORY_GROWTH=1 -s TOTAL_MEMORY=31457280 -sNO_EXIT_RUNTIME=1 -sFORCE_FILESYSTEM=1 -D__GNU__ -D_FILE_OFFSET_BITS=64 -D_LARGE_FILES'
CXXFP=''
DASH='-'
DEBUGGER_VAR=''
DEFINE_PLUGIN_PATH=''
DEFS='-DHAVE_CONFIG_H'
DEPMOD=''
DEVICE_LINK_OPTS=''
DISPLAY_DLL_TARGETS=''
DISPLAY_EXTRA_OBJS=''
DISPLAY_LIB_VAR='iodev/display/libdisplay.a'
DISPLAY_OBJS=''
DOCBOOK2HTML='not_found'
ECHO='echo'
ECHO_C=''
ECHO_N='-n'
ECHO_T=''
EGREP='/usr/bin/grep -E'
ENH_DBG_OBJS=''
EXE=''
EXEEXT=''
EXPORT_DYNAMIC=''
EXTERNAL_DEPENDENCY=''
EXTRA_BX_OBJS=''
EXTRA_LINK_OPTS=''
EXT_MSVC_DLL_RULES=''
F77=''
FFLAGS=''
FLEX=''
FPU_VAR='$(FPU_LIB)'
GAME_OBJS=''
GDBSTUB_VAR=''
GREP='/usr/bin/grep'
GUI_CFLAGS=''
GUI_CXXFLAGS=''
GUI_DLL_TARGETS=' bx_nogui_gui.dll'
GUI_LINK_OPTS=''
GUI_LINK_OPTS_SDL2=''
GUI_LINK_OPTS_SDL=''
GUI_LINK_OPTS_TERM=''
GUI_LINK_OPTS_VNCSRV=''
GUI_LINK_OPTS_WX=''
GUI_NON_PLUGIN_OBJS='$(OBJS_THAT_CANNOT_BE_PLUGINS) $(OBJS_THAT_CAN_BE_PLUGINS) $(OBJS_THAT_SUPPORT_OTHER_PLUGINS)'
GUI_PLUGIN_NAME_TRANSFORMATION='%.o=libbx_%_gui.la'
GUI_PLUGIN_OBJS=''
GZIP='/usr/bin/gzip'
HDIMAGE_LIB_VAR='iodev/hdimage/libhdimage.a'
IASL='not_found'
IMG_PLUGIN_NAME_TRANSFORMATION='%.o=libbx_%_img.la'
INLINE_VAR=''
INSMOD=''
INSTALL_DOCBOOK_VAR=''
INSTALL_LIST_FOR_PLATFORM=''
INSTALL_PLUGINS_VAR=''
INSTALL_TARGET='install_unix'
INSTRUMENT_DIR='instrument/stubs'
INSTRUMENT_VAR=''
IODEBUG_OBJS=''
IODEV_DLL_TARGETS=''
IODEV_EXT_NON_PLUGIN_OBJS='$(OBJS_THAT_CANNOT_BE_PLUGINS) $(OBJS_THAT_CAN_BE_PLUGINS) $(OBJS_THAT_SUPPORT_OTHER_PLUGINS)'
IODEV_EXT_PLUGIN_OBJS=''
IODEV_LIB_VAR='iodev/libiodev.a'
IODEV_NON_PLUGIN_OBJS='$(OBJS_THAT_CANNOT_BE_PLUGINS) $(OBJS_THAT_CAN_BE_PLUGINS) $(OBJS_THAT_SUPPORT_OTHER_PLUGINS)'
IODEV_PLUGIN_OBJS=''
JADE='not_found'
KERNELDIR=''
KERNEL_MODULE_SUFFIX=''
LDFLAGS=''
LIBADD_DL='-ldl'
LIBOBJS=''
LIBS=''
LIBTOOL='$(SHELL) $(top_builddir)/libtool'
LIBVNCSERVER_CONFIG=''
LINK='$(LIBTOOL) --mode=link --tag CXX $(CXX) -o $@ $(CXXFLAGS) $(LDFLAGS)'
LINK_CONSOLE='$(LIBTOOL) --mode=link --tag CXX $(CXX) -o $@ $(CXXFLAGS_CONSOLE) $(LDFLAGS)'
LINK_DLL=''
LINK_VAR=''
LN_S='ln -s'
LSMOD=''
LTLIBOBJS=''
MAKELIB='ar rv $@'
NETDEV_DLL_TARGETS=''
NETDEV_OBJS=''
NETLOW_OBJS=''
NETWORK_LIB_VAR=''
NONINLINE_VAR='$(NONINLINE_OBJS)'
NONPLUGIN_GUI_LINK_OPTS='$(GUI_LINK_OPTS)'
NO_FLEX_YACC=''
OBJEXT='o'
OBJS64='$(OBJS64)'
OFP='-o '
OPTIONAL_TARGET=''
PACKAGE_BUGREPORT=''
PACKAGE_NAME=''
PACKAGE_STRING=''
PACKAGE_TARNAME=''
PACKAGE_URL=''
PACKAGE_VERSION=''
PATH_SEPARATOR=':'
PCIDEV_MODULE_MAKE_ALL=''
PCI_OBJS='pci.o pci2isa.o pci_ide.o acpi.o hpet.o'
PKGCONFIG='not_found'
PLUGIN_LIB=''
PLUGIN_LIBNAME_TRANSFORMATION='%.o=libbx_%.la'
PLUGIN_TARGET=''
PLUGIN_TARGET_2=''
PLUGIN_VAR=''
PRIMARY_TARGET='bochs'
PTHREAD_CC='/workspace/bochs-wasm-poc/emsdk/upstream/emscripten/emcc'
PTHREAD_CFLAGS=''
PTHREAD_LIBS=''
RANLIB='/workspace/bochs-wasm-poc/emsdk/upstream/emscripten/emranlib'
RC_CMD=''
READLINE_LIB=''
REL_STRING='Built from SVN snapshot after release 2.7'
REL_TIMESTAMP='Sun Aug  1 10:07:00 CEST 2021'
RFB_LIBS=''
RMCOMMAND='rm -f '
RMMOD=''
SDL_SOUND_LINK_OPTS=''
SET_MAKE=''
SHELL='/bin/bash'
SLASH='/'
SOUNDHW_DLL_TARGETS=''
SOUNDHW_OBJS=''
SOUNDLOW_OBJS=''
SOUND_LIB_VAR=''
SPECIFIC_GUI_OBJS=' $(GUI_OBJS_NOGUI)'
SPECIFIC_GUI_SUPPORT_OBJS=''
STRIP='strip'
SUFFIX_LINE='.SUFFIXES: .cc'
TAR='/usr/bin/tar'
TOOLKIT_CXXFLAGS=''
USBHC_DLL_TARGETS='bx_usb_uhci.dll bx_usb_ehci.dll'
USBHC_OBJS='usb_uhci.o usb_ehci.o'
USB_LIB_VAR='iodev/usb/libusb.a'
VERSION='2.7.svn'
VER_MAJOR='2'
VER_MINOR='7'
VER_REVISION='0'
VER_SVN='1'
WGET='wget'
WIN32_DLL_IMPORT_LIB=''
WX_CFLAGS=''
WX_CONFIG='not_found'
WX_CXXFLAGS=''
XMKMF=''
X_CFLAGS=''
X_EXTRA_LIBS=''
X_LIBS=''
X_PRE_LIBS=''
YACC=''
ac_ct_CC=''
ac_ct_CXX=''
ac_ct_F77=''
bindir='${exec_prefix}/bin'
build='x86_64-pc-linux-gnu'
build_alias=''
build_cpu='x86_64'
build_os='linux-gnu'
build_vendor='pc'
datadir='${datarootdir}'
datarootdir='${prefix}/share'
docdir='${datarootdir}/doc/${PACKAGE}'
dvidir='${docdir}'
exec_prefix='${prefix}'
host='wasm32-unknown-emscripten'
host_alias='wasm32-unknown-emscripten'
host_cpu='wasm32'
host_os='emscripten'
host_vendor='unknown'
htmldir='${docdir}'
includedir='${prefix}/include'
infodir='${datarootdir}/info'
libdir='${exec_prefix}/lib'
libexecdir='${exec_prefix}/libexec'
localedir='${datarootdir}/locale'
localstatedir='${prefix}/var'
mandir='${datarootdir}/man'
oldincludedir='/usr/include'
pdfdir='${docdir}'
prefix='/usr/local'
program_transform_name='s,x,x,'
psdir='${docdir}'
runstatedir='${localstatedir}/run'
sbindir='${exec_prefix}/sbin'
sharedstatedir='${prefix}/com'
sysconfdir='${prefix}/etc'
target='wasm32-unknown-emscripten'
target_alias=''
target_cpu='wasm32'
target_os='emscripten'
target_vendor='unknown'

## ----------- ##
## confdefs.h. ##
## ----------- ##

/* confdefs.h */
#define PACKAGE_NAME ""
#define PACKAGE_TARNAME ""
#define PACKAGE_VERSION ""
#define PACKAGE_STRING ""
#define PACKAGE_BUGREPORT ""
#define PACKAGE_URL ""
#define HAVE_STDIO_H 1
#define HAVE_STDLIB_H 1
#define HAVE_STRING_H 1
#define HAVE_INTTYPES_H 1
#define HAVE_STDINT_H 1
#define HAVE_STRINGS_H 1
#define HAVE_SYS_STAT_H 1
#define HAVE_SYS_TYPES_H 1
#define HAVE_UNISTD_H 1
#define STDC_HEADERS 1
#define HAVE_DLFCN_H 1
#define HAVE_DIRENT_H 1
#define LTDL_SHLIB_EXT ".so"
#define LTDL_SYSSEARCHPATH "/lib:/usr/lib"
#define LTDL_OBJDIR ".libs/"
#define HAVE_LIBDL 1
#define HAVE_DLERROR 1
#define LTDL_DLOPEN_DEPLIBS 1
#define error_t int
#define HAVE_ASSERT_H 1
#define HAVE_CTYPE_H 1
#define HAVE_ERRNO_H 1
#define HAVE_MALLOC_H 1
#define HAVE_MEMORY_H 1
#define HAVE_STDLIB_H 1
#define HAVE_STDIO_H 1
#define HAVE_UNISTD_H 1
#define HAVE_STRING_H 1
#define HAVE_STRCHR 1
#define HAVE_STRRCHR 1
#define HAVE_MEMCPY 1
#define HAVE_MEMMOVE 1
#define HAVE_STRCMP 1
#define HAVE_CLOSEDIR 1
#define HAVE_OPENDIR 1
#define HAVE_READDIR 1
#define X_DISPLAY_MISSING 1
#define SIZEOF_UNSIGNED_CHAR 1
#define SIZEOF_UNSIGNED_SHORT 2
#define SIZEOF_UNSIGNED_INT 4
#define SIZEOF_UNSIGNED_LONG 4
#define SIZEOF_UNSIGNED_LONG_LONG 8
#define SIZEOF_INT_P 4
#define HAVE_GETENV 1
#define BX_HAVE_GETENV 1
#define HAVE_SETENV 1
#define BX_HAVE_SETENV 1
#define HAVE_SNPRINTF 1
#define BX_HAVE_SNPRINTF 1
#define HAVE_VSNPRINTF 1
#define BX_HAVE_VSNPRINTF 1
#define HAVE_SELECT 1
#define BX_HAVE_SELECT 1
#define BX_HAVE_SOCKLEN_T 1
#define HAVE_STRTOULL 1
#define BX_HAVE_STRTOULL 1
#define HAVE_STRDUP 1
#define BX_HAVE_STRDUP 1
#define HAVE_STRCASECMP 1
#define BX_HAVE_STRCASECMP 1
#define HAVE_MKSTEMP 1
#define BX_HAVE_MKSTEMP 1
#define BX_HAVE_SYS_MMAN_H 1
#define HAVE_GETTIMEOFDAY 1
#define BX_HAVE_GETTIMEOFDAY 1
#define HAVE_USLEEP 1
#define BX_HAVE_USLEEP 1
#define BX_HAVE___BUILTIN_BSWAP32 1
#define BX_HAVE___BUILTIN_BSWAP64 1
#define HAVE_TMPFILE64 1
#define BX_HAVE_TMPFILE64 1
#define HAVE_FSEEKO64 1
#define BX_HAVE_FSEEKO64 1
#define BX_HAVE_SSIZE_T 1
#define HAVE_SLEEP 1
#define BX_HAVE_SLEEP 1
#define HAVE_NANOSLEEP 1
#define BX_HAVE_NANOSLEEP 1
#define HAVE_ABORT 1
#define BX_HAVE_ABORT 1
#define HAVE_GMTIME 1
#define BX_HAVE_GMTIME 1
#define HAVE_MKTIME 1
#define BX_HAVE_MKTIME 1
#define _FILE_OFFSET_BITS 64
#define HAVE_LARGEFILE_SUPPORT 1
#define BX_HAVE_SET 1
#define BX_HAVE_MAP 1
#define BX_USE_IDLE_HACK 0
#define BX_HAVE_DLFCN_H 1
#define HAVE_ASSERT_H 1
#define BX_PLUGINS 0
#define BX_SUPPORT_A20 1
#define BX_SUPPORT_X86_64 1
#define BX_SUPPORT_SMP 0
#define BX_CPU_LEVEL 6
#define BX_PHY_ADDRESS_LONG 1
#define BX_LARGE_RAMFILE 0
#define BX_CONFIGURE_MSRS 1
#define BX_SHOW_IPS 0
#define BX_DEBUGGER 0
#define BX_DEBUGGER_GUI 0
#define BX_GDBSTUB 0
#define BX_SUPPORT_REPEAT_SPEEDUPS 1
#define BX_FAST_FUNC_CALL 1
#define BX_SUPPORT_HANDLERS_CHAINING_SPEEDUPS 1
#define BX_ENABLE_TRACE_LINKING 0
#define BX_INSTRUMENTATION 0
#define BX_NO_LOGGING 1
#define BX_ENABLE_STATISTICS 0
#define BX_ASSERT_ENABLE 0
#define BX_SUPPORT_FPU 1
#define BX_SUPPORT_VMX 0
#define BX_SUPPORT_SVM 0
#define BX_SUPPORT_PKEYS 0
#define BX_SUPPORT_CET 0
#define BX_SUPPORT_3DNOW 0
#define BX_SUPPORT_ALIGNMENT_CHECK 1
#define BX_SUPPORT_MONITOR_MWAIT 1
#define BX_SUPPORT_PERFMON 1
#define BX_SUPPORT_MEMTYPE 0
#define BX_SUPPORT_AVX 1
#define BX_SUPPORT_EVEX 0
#define BX_X86_DEBUGGER 0
#define BX_SUPPORT_PCI 1
#define BX_SUPPORT_PCIDEV 0
#define BX_SUPPORT_USB_UHCI 1
#define BX_SUPPORT_USB_OHCI 0
#define BX_SUPPORT_USB_EHCI 1
#define BX_SUPPORT_USB_XHCI 0
#define BX_SUPPORT_NE2K 0
#define BX_SUPPORT_PCIPNIC 0
#define BX_SUPPORT_E1000 0
#define BX_NETWORKING 0
#define USE_RAW_SERIAL 0
#define BX_SUPPORT_CLGD54XX 0
#define BX_SUPPORT_VOODOO 0
#define LOWLEVEL_CDROM cdrom_misc_c
#define BX_SUPPORT_CDROM 1
#define BX_SUPPORT_SB16 0
#define BX_SUPPORT_ES1370 0
#define BX_SUPPORT_SOUNDLOW 0
#define BX_SUPPORT_GAMEPORT 0
#define BX_SUPPORT_BUSMOUSE 0
#define BX_WITH_NOGUI 1
#define BX_DEFAULT_CONFIG_INTERFACE "textconfig"
#define BX_DEFAULT_DISPLAY_LIBRARY "x"
#define BX_USE_TEXTCONFIG 1
#define BX_USE_GUI_CONSOLE 0

configure: exit 0
